SubFP1,SubFP2,SubFP3,SubFP9,SubFP16,SubFP18,SubFP23,SubFP26,SubFP28,SubFP88,SubFP100,SubFP101,SubFP135,SubFP137,SubFP171,SubFP172,SubFP179,SubFP180,SubFP181,SubFP184,SubFP287,SubFP288,SubFP294
0,1,0,0,0,1,0,0,0,1,1,0,1,1,0,1,0,0,1,1,1,0,0
0,1,1,0,0,1,1,0,0,1,1,0,1,1,0,1,0,0,1,1,1,0,0
0,1,0,0,1,1,0,0,0,1,1,0,1,1,0,1,0,0,1,1,1,0,0
0,1,0,0,0,1,0,0,0,1,1,0,1,1,0,1,0,0,1,1,1,0,0
0,1,0,0,0,0,0,0,0,1,0,0,0,1,0,0,0,0,1,1,1,0,0
1,0,0,0,0,0,1,1,0,0,0,0,0,0,1,0,0,1,1,1,1,0,0
0,1,0,0,0,0,1,1,0,0,0,0,0,0,0,0,0,1,1,1,0,0,0
0,1,0,0,0,0,1,1,0,0,0,0,0,0,0,0,1,0,1,1,1,0,0
1,1,0,0,0,0,1,1,0,0,0,0,0,0,0,0,0,0,0,0,1,0,0
1,1,1,0,0,0,1,1,0,0,0,0,0,0,0,0,0,1,1,1,0,0,0
0,1,0,0,0,0,1,1,0,0,0,0,0,0,0,0,0,1,1,1,0,0,0
0,1,0,0,0,0,1,1,0,0,0,0,0,0,0,0,0,0,1,1,1,1,0
0,1,1,0,0,0,1,1,0,0,0,0,0,0,0,1,1,0,1,1,0,1,0
0,1,0,0,0,0,1,1,0,0,0,0,0,0,0,0,1,0,1,1,1,0,0
0,1,1,0,0,0,1,1,0,0,0,0,0,0,0,1,1,0,1,1,0,0,0
0,1,0,0,0,0,1,1,0,0,0,0,0,0,0,0,0,0,0,0,1,0,0
1,1,1,0,0,0,1,1,0,0,0,0,0,0,0,0,0,1,1,1,0,0,0
1,1,1,0,0,0,1,1,0,1,0,0,0,0,0,0,0,0,0,0,1,0,0
1,1,1,0,0,0,1,1,0,0,0,0,0,0,0,0,0,1,1,1,0,0,0
0,1,0,0,0,0,1,1,0,1,0,0,0,1,0,0,0,0,1,1,1,0,0
0,1,0,0,0,0,1,1,0,1,0,0,0,1,0,0,0,0,1,1,1,0,0
0,1,0,0,0,0,1,1,0,0,0,0,0,0,0,0,1,0,1,1,1,0,0
0,1,0,0,0,0,1,1,0,0,0,0,0,0,0,0,1,0,1,1,1,0,0
0,1,0,0,0,0,1,1,0,0,0,0,0,0,0,0,0,1,1,1,0,0,0
0,1,0,0,0,0,1,1,0,0,0,0,0,0,0,0,1,0,1,1,1,0,0
1,0,0,0,0,0,0,0,0,1,0,0,0,1,0,0,0,1,1,1,1,0,0
0,0,0,0,0,0,0,0,0,1,0,0,0,1,0,0,0,1,1,1,1,0,0
0,1,0,0,0,0,0,0,0,1,0,0,0,1,0,1,0,1,1,1,1,0,0
0,1,1,0,0,0,0,0,0,0,0,0,0,0,0,0,0,0,1,1,0,0,0
0,0,0,0,0,0,0,0,0,1,0,0,1,1,0,0,0,0,0,1,1,0,0
1,0,0,0,0,0,0,0,1,1,0,0,0,1,0,0,0,0,1,1,1,1,0
1,0,0,0,0,0,0,0,1,1,0,0,0,1,0,0,0,0,1,1,1,1,0
1,0,0,0,0,1,1,1,0,0,0,0,0,0,1,0,0,0,1,1,1,1,0
1,0,0,0,0,0,0,0,0,1,0,0,0,1,0,0,1,0,1,1,1,0,0
1,0,0,0,0,0,0,0,0,1,1,0,1,1,1,0,1,0,1,1,1,0,0
1,0,0,0,0,0,0,0,0,1,1,0,1,1,1,0,1,0,1,1,1,0,0
1,0,0,0,0,0,0,0,0,1,1,0,1,1,1,0,1,0,1,1,1,0,0
1,0,0,0,0,0,0,0,0,1,1,0,1,1,0,0,1,0,1,1,1,0,0
1,0,0,0,0,1,0,0,0,1,1,0,1,1,0,0,1,0,1,1,1,0,0
1,0,0,0,0,0,0,0,0,1,1,0,1,1,0,0,1,0,1,1,1,0,0
1,0,0,0,0,0,0,0,0,1,1,0,1,1,0,0,1,0,1,1,1,0,0
0,0,0,0,0,0,1,1,0,1,0,1,0,1,0,0,1,0,1,1,1,0,0
0,0,0,0,0,1,0,0,0,1,1,0,0,1,0,0,1,0,1,1,1,0,0
1,0,0,0,0,0,0,0,0,1,0,0,0,1,0,0,1,0,1,1,1,0,0
0,1,0,0,0,1,0,0,0,0,0,0,0,0,0,0,1,0,1,1,1,0,0
0,1,0,0,0,1,0,0,0,0,0,0,0,0,0,0,1,0,1,1,1,0,0
1,1,0,0,0,1,0,0,0,0,0,0,0,0,0,0,1,0,1,1,1,0,0
0,1,0,0,0,1,0,0,0,0,0,0,0,0,0,0,1,0,1,1,1,0,0
0,1,0,0,0,1,0,0,1,0,0,0,0,0,0,0,1,0,1,1,1,0,0
0,0,1,0,0,0,0,0,0,0,0,0,0,0,0,0,0,1,1,1,1,0,0
0,0,1,0,0,0,0,0,0,0,0,0,0,0,0,0,0,0,1,1,1,0,0
0,0,0,0,0,1,0,0,0,0,0,0,0,0,0,0,0,0,1,1,1,0,0
0,1,0,0,0,0,0,0,0,1,1,0,0,0,0,0,0,0,1,1,1,0,0
0,1,0,0,0,0,0,0,0,1,1,0,0,0,0,0,1,0,1,1,1,0,0
0,1,0,0,0,0,0,0,0,0,0,0,0,0,0,0,1,0,1,1,1,0,0
0,1,1,0,0,0,0,0,0,0,0,0,0,0,1,0,0,0,1,1,1,0,0
0,1,0,0,0,0,0,0,0,0,0,0,0,0,1,0,1,0,1,1,1,0,0
0,1,0,0,0,0,0,0,0,0,0,0,0,0,1,0,1,0,1,1,1,0,0
0,1,0,0,0,1,0,0,0,0,0,0,0,0,0,0,0,1,1,1,1,0,0
0,1,0,0,0,1,0,0,0,0,0,0,0,0,1,0,1,0,1,1,1,0,0
0,1,0,0,0,1,0,0,0,0,0,0,0,0,1,0,1,0,1,1,1,0,0
0,1,0,0,0,1,0,0,0,0,0,0,0,0,0,0,1,0,1,1,1,0,0
0,1,0,0,0,1,0,0,0,0,0,0,0,0,0,0,1,0,1,1,1,0,0
0,1,0,0,0,1,0,0,0,0,0,0,0,0,0,0,0,0,1,1,1,0,0
0,1,0,0,0,1,0,0,0,0,0,0,0,0,0,0,0,0,1,1,1,1,0
0,1,0,0,0,1,0,0,0,0,0,0,0,0,0,0,0,0,1,1,1,0,0
0,1,0,0,0,1,0,0,0,0,0,0,0,0,0,0,0,0,1,1,1,0,0
0,1,0,0,0,1,0,0,0,0,0,0,0,0,0,0,0,0,1,1,1,0,0
0,1,0,0,0,1,0,0,0,0,0,0,0,0,0,0,0,0,1,1,1,0,0
0,1,0,0,0,1,0,0,0,0,0,0,0,0,0,0,0,0,1,1,1,0,0
0,1,0,0,0,1,0,0,0,0,0,0,0,0,0,1,0,0,1,1,0,0,0
0,1,0,0,0,1,0,0,0,0,0,0,0,0,0,0,1,0,1,1,0,0,0
0,1,0,0,0,1,0,0,0,0,0,0,0,0,0,0,1,0,1,1,0,0,0
0,1,0,0,0,0,0,0,0,0,0,0,0,0,0,0,1,0,1,1,0,0,0
0,1,0,0,0,0,0,0,0,0,0,0,0,0,0,0,1,0,1,1,0,0,0
0,1,0,0,0,1,0,0,0,0,0,0,0,0,0,0,1,0,1,1,0,0,0
1,1,0,0,0,1,0,0,0,1,1,0,0,0,0,0,1,0,1,1,0,0,0
1,1,0,0,0,1,0,0,0,1,1,0,0,0,0,0,1,0,1,1,0,0,0
0,1,0,0,0,1,0,0,0,0,0,0,0,0,0,0,1,0,1,1,0,0,0
0,1,0,0,0,1,0,0,0,0,0,0,0,0,0,0,0,0,1,1,0,0,0
0,1,0,0,0,1,0,0,0,1,1,0,0,1,0,0,0,0,1,1,1,0,0
0,1,0,0,0,1,0,0,0,0,0,0,0,0,0,0,1,0,1,1,0,1,0
0,1,0,0,0,1,0,0,1,0,0,0,0,0,0,0,1,0,1,1,0,0,0
0,1,0,0,0,1,0,0,1,0,0,0,0,0,0,0,1,0,1,1,0,0,0
0,1,0,0,0,1,0,0,0,0,0,0,0,0,0,0,1,0,1,1,0,1,0
0,1,0,0,0,1,0,0,0,0,0,0,0,0,0,0,1,0,1,1,0,0,0
0,1,0,0,0,1,0,0,0,0,0,0,0,0,0,0,1,0,1,1,0,0,0
0,1,0,0,0,1,0,0,0,0,0,0,0,0,0,0,1,0,1,1,0,0,0
0,1,0,0,0,1,0,0,0,0,0,0,0,0,0,0,1,0,1,1,1,0,0
1,1,0,0,0,1,0,0,0,0,0,0,0,0,0,0,1,0,1,1,0,0,0
0,1,0,0,0,1,0,0,0,0,0,0,0,0,0,1,1,0,1,1,0,0,0
0,1,0,0,0,1,0,0,1,0,0,0,0,0,0,0,1,0,1,1,0,0,0
0,1,0,0,0,1,0,0,0,0,0,0,0,0,0,1,1,0,1,1,0,0,0
0,1,0,0,0,1,0,0,0,0,0,0,0,0,0,0,1,0,1,1,1,1,0
1,1,0,0,0,1,0,0,0,0,0,0,0,0,0,0,1,0,1,1,0,0,0
0,1,0,0,0,1,0,0,0,0,0,0,0,0,1,0,1,0,1,1,0,0,0
0,1,0,0,0,1,0,0,0,0,0,0,0,0,0,0,1,0,1,1,0,1,0
0,1,0,0,0,1,0,0,0,0,0,0,0,0,1,0,1,0,1,1,0,0,0
1,1,1,0,0,1,0,0,0,1,0,0,0,0,0,0,1,0,1,1,0,0,0
1,1,1,0,0,1,0,0,0,1,0,0,0,0,0,0,1,0,1,1,0,0,0
0,1,0,1,0,1,0,0,0,1,0,0,0,0,0,0,1,0,1,1,0,0,0
1,0,0,0,0,1,1,0,0,1,1,1,1,1,0,0,0,0,1,1,1,0,0
1,1,1,0,0,1,0,0,0,1,0,0,0,0,0,0,1,0,1,1,0,0,0
1,1,0,0,0,1,0,0,0,1,0,0,0,0,0,0,1,0,1,1,0,0,0
0,1,0,0,0,1,0,0,0,0,0,0,0,0,0,0,1,0,1,1,0,0,0
0,1,0,0,0,1,0,0,0,0,0,0,0,0,0,0,1,0,1,1,0,0,0
0,1,0,0,0,1,0,0,0,0,0,0,0,0,0,0,1,1,1,1,0,0,0
0,1,0,0,0,1,0,0,0,0,0,0,0,0,0,0,1,0,1,1,0,0,0
0,1,0,0,0,1,0,0,0,0,0,0,0,0,0,0,1,0,1,1,1,0,0
0,1,0,0,0,1,0,0,0,1,0,0,0,0,0,0,1,0,1,1,0,0,0
0,1,0,0,0,1,0,0,0,0,0,0,0,0,0,0,1,0,1,1,0,0,0
0,1,0,0,0,1,0,0,0,0,0,0,0,0,0,0,1,0,1,1,0,0,0
0,0,0,0,0,0,0,0,0,1,0,0,1,1,0,0,0,0,0,0,1,0,0
1,0,1,0,0,0,0,0,0,0,0,0,0,0,0,1,0,1,1,1,0,0,0
1,0,0,0,0,0,0,0,0,0,0,0,0,0,0,1,0,1,1,1,0,0,0
1,0,0,0,0,0,0,0,0,0,0,0,0,0,0,1,0,1,1,1,0,0,0
1,0,0,0,0,0,0,0,0,0,0,0,0,0,0,1,0,1,1,1,0,0,0
1,0,1,0,0,0,0,0,0,0,0,0,0,0,0,0,0,1,1,1,0,0,0
0,1,0,0,0,0,0,0,0,1,1,0,0,1,1,0,0,0,1,1,1,0,0
1,1,0,1,0,1,1,1,0,1,1,0,0,1,0,0,0,0,1,1,1,0,1
1,0,0,1,1,0,1,1,0,1,1,0,0,1,0,0,0,0,1,1,1,0,1
1,1,0,0,0,1,1,1,0,0,0,0,0,0,0,0,0,1,1,1,0,0,0
0,0,0,0,1,0,1,1,0,1,1,1,0,1,0,0,1,0,1,1,1,0,0
0,0,0,0,0,1,0,0,0,1,0,0,0,1,0,0,1,0,0,1,1,0,0
0,0,0,0,0,1,1,1,0,0,0,0,0,0,1,0,0,0,1,1,0,1,0
0,0,0,0,0,0,0,0,0,0,0,0,1,1,0,1,1,0,1,1,1,0,0
0,0,0,0,0,0,0,0,0,0,0,0,1,1,1,0,1,0,1,1,1,0,0
0,0,0,1,0,0,0,0,0,0,0,0,1,1,0,0,1,0,1,1,1,0,1
0,0,0,0,0,0,0,0,0,0,0,0,1,1,0,1,1,0,1,1,1,0,0
0,0,0,0,0,0,0,0,0,0,0,0,1,1,0,1,1,0,1,1,1,0,0
0,0,0,0,0,0,0,0,0,0,0,0,1,1,0,1,1,0,1,1,1,0,0
0,0,0,0,0,0,0,0,1,0,0,0,0,0,0,0,1,0,1,1,0,0,0
1,0,0,0,0,0,0,0,0,0,0,0,1,1,0,0,1,0,1,1,1,0,0
0,0,0,0,0,0,0,0,0,0,0,0,1,1,0,1,1,0,1,1,1,0,0
0,0,0,0,0,0,0,0,0,1,0,0,0,1,0,0,0,0,0,0,1,0,0
1,0,0,0,0,0,0,0,1,0,0,0,0,0,0,1,1,0,1,1,1,0,0
0,1,0,0,0,1,0,0,0,0,0,0,0,0,0,0,1,0,1,1,0,0,0
0,1,0,0,0,1,0,0,0,0,0,0,0,0,0,0,1,1,1,1,0,0,0
0,1,0,0,0,1,0,0,0,0,0,0,0,0,0,0,1,0,1,1,0,0,0
0,1,0,0,0,1,0,0,0,0,0,0,0,0,0,0,1,0,1,1,1,0,0
1,1,0,0,0,1,0,0,0,0,0,0,0,0,0,0,1,0,1,1,0,0,0
0,1,0,0,0,1,0,0,0,0,0,0,0,0,1,0,1,0,1,1,0,0,0
1,1,0,0,0,1,0,0,0,0,0,0,0,0,0,0,1,0,1,1,0,0,0
0,1,0,0,0,1,0,0,0,0,0,0,0,0,0,0,1,0,1,1,0,0,0
0,1,0,0,0,1,0,0,1,0,0,0,0,0,0,0,1,0,1,1,0,0,0
0,1,0,1,0,1,0,0,0,0,0,0,0,0,0,0,1,0,1,1,0,0,1
0,1,0,0,0,1,0,0,0,0,0,0,0,0,1,0,1,0,1,1,0,0,0
1,1,0,0,0,1,0,0,0,0,0,0,0,0,0,0,1,0,1,1,0,0,0
1,1,0,0,0,1,0,0,0,0,0,0,0,0,0,0,1,0,1,1,0,0,0
1,1,1,0,0,1,0,0,0,0,0,0,0,0,0,0,1,0,1,1,0,0,0
1,1,1,0,0,1,0,0,0,0,0,0,0,0,0,0,1,0,1,1,0,0,0
1,1,0,0,1,1,1,1,0,0,0,0,0,0,0,0,1,0,1,1,0,0,0
1,1,0,0,0,1,0,0,0,0,0,0,0,0,0,0,1,0,1,1,0,0,0
1,1,0,0,0,1,0,0,0,0,0,0,0,0,0,0,1,0,1,1,0,0,0
1,1,0,1,0,1,0,0,0,0,0,0,0,0,0,0,1,0,1,1,0,0,1
1,1,0,1,0,1,0,0,0,0,0,0,0,0,0,0,1,0,1,1,0,0,1
1,1,0,1,0,1,0,0,0,0,0,0,0,0,0,0,1,0,1,1,0,0,1
1,1,0,1,0,1,0,0,0,0,0,0,0,0,0,1,1,0,1,1,0,0,1
1,1,0,1,0,1,0,0,0,0,0,0,0,0,0,1,1,0,1,1,0,0,1
1,1,0,1,0,1,0,0,0,0,0,0,0,0,0,1,1,0,1,1,0,0,1
1,1,0,1,0,1,0,0,0,0,0,0,0,0,0,1,1,0,1,1,0,0,1
1,1,0,1,0,1,0,0,0,0,0,0,0,0,0,1,1,0,1,1,0,0,1
1,1,0,1,0,1,0,0,0,0,0,0,0,0,0,0,1,0,1,1,0,0,1
1,1,0,1,0,1,0,0,0,0,0,0,0,0,0,0,1,0,1,1,0,0,1
1,1,0,1,0,1,0,0,0,0,0,0,0,0,0,0,1,0,1,1,0,0,1
1,1,0,0,0,1,0,0,0,0,0,0,0,0,0,1,1,0,1,1,0,0,0
1,1,0,0,0,1,0,0,0,0,0,0,0,0,0,0,1,0,1,1,0,0,0
1,1,0,0,0,1,0,0,0,0,0,0,0,0,0,1,1,0,1,1,0,0,0
1,1,0,0,0,1,0,0,0,0,0,0,0,0,0,1,1,0,1,1,0,0,0
1,1,0,0,0,1,0,0,0,0,0,0,0,0,0,1,1,0,1,1,0,0,0
1,1,0,0,0,1,0,0,0,0,0,0,0,0,0,0,1,0,1,1,0,0,0
1,1,0,0,0,1,0,0,0,0,0,0,0,0,0,1,1,0,1,1,0,0,0
1,1,0,0,0,1,0,0,0,0,0,0,0,0,0,1,1,0,1,1,0,0,0
1,1,0,0,0,1,0,0,0,0,0,0,0,0,0,1,1,0,1,1,0,0,0
1,1,0,0,0,1,0,0,0,0,0,0,0,0,0,1,1,0,1,1,0,0,0
1,1,0,0,0,1,0,0,0,0,0,0,0,0,1,0,1,0,1,1,0,0,0
1,1,0,0,0,1,0,0,0,0,0,0,0,0,1,0,1,0,1,1,0,0,0
1,1,0,0,0,1,0,0,0,0,0,0,0,0,1,0,1,0,1,1,0,0,0
1,1,0,0,0,1,0,0,0,0,0,0,0,0,0,0,1,0,1,1,0,0,0
1,1,0,0,0,1,0,0,0,0,0,0,0,0,0,0,1,0,1,1,0,0,0
1,1,0,0,0,1,0,0,0,0,0,0,0,0,0,0,1,0,1,1,0,0,0
1,1,0,0,0,1,0,0,0,0,0,0,0,0,1,0,1,0,1,1,0,0,0
1,1,0,0,0,1,0,0,0,0,0,0,0,0,1,0,1,0,1,1,0,0,0
1,1,0,0,0,1,0,0,0,0,0,0,0,0,1,0,1,0,1,1,0,0,0
1,1,0,0,0,1,0,0,0,0,0,0,0,0,0,1,1,0,1,1,0,0,0
1,1,0,0,0,1,0,0,0,0,0,0,0,0,0,1,1,0,1,1,0,0,0
1,1,0,0,0,1,0,0,0,0,0,0,0,0,0,1,1,0,1,1,0,0,0
1,1,0,0,0,1,0,0,0,0,0,0,0,0,0,1,1,0,1,1,0,0,0
1,1,0,0,0,1,0,0,0,0,0,0,0,0,0,1,1,0,1,1,0,0,0
1,1,0,0,0,1,0,0,0,0,0,0,0,0,0,1,1,0,1,1,0,0,0
0,1,0,0,0,1,0,0,0,1,0,0,0,1,0,0,0,0,1,1,1,0,0
0,1,0,1,0,1,0,0,0,0,0,0,0,0,0,0,1,0,1,1,0,0,1
1,1,0,0,0,1,0,0,0,0,0,0,0,0,0,1,1,0,1,1,0,0,0
0,1,0,1,0,1,1,0,0,0,0,0,0,0,1,0,1,0,1,1,0,0,1
0,1,0,0,1,1,1,0,1,1,1,0,1,1,0,0,0,0,0,0,1,0,0
1,0,0,0,1,1,1,0,1,1,1,0,1,1,0,0,0,0,0,0,1,0,0
1,0,0,0,0,0,0,0,0,1,0,0,0,1,0,0,1,0,0,1,1,0,0
1,0,0,0,0,1,0,0,0,0,0,0,0,0,0,0,0,1,1,1,0,0,0
1,1,0,0,0,0,0,0,0,1,1,1,0,0,0,0,1,0,0,1,0,0,0
1,1,1,0,0,0,0,0,0,1,1,0,0,1,0,0,0,0,0,0,1,0,0
1,1,1,0,0,0,0,0,0,1,1,0,0,1,0,0,0,0,0,0,1,0,0
1,1,1,0,0,0,0,0,0,1,1,0,0,1,0,0,0,0,0,0,1,0,0
1,1,1,0,0,0,0,0,0,1,1,0,0,1,0,0,0,0,0,0,1,0,0
1,1,1,0,0,0,0,0,0,1,1,0,0,1,0,0,0,0,0,0,1,0,0
1,1,1,0,0,0,0,0,0,1,1,0,0,1,0,0,0,0,0,0,1,0,0
1,1,1,0,0,0,0,0,0,1,1,1,0,1,0,0,0,0,0,0,1,0,0
1,1,1,0,0,0,0,0,0,1,1,1,0,1,0,0,0,0,0,0,1,0,0
1,1,1,0,0,0,0,0,0,1,1,1,0,1,0,0,0,0,0,0,1,0,0
1,1,1,0,0,0,1,1,0,1,1,1,0,1,0,0,0,0,0,0,1,0,0
1,1,1,0,0,1,0,0,0,1,1,1,0,1,0,0,0,0,0,0,1,0,0
1,1,1,0,0,0,0,0,0,1,1,1,0,1,0,0,0,0,0,0,1,0,0
1,1,1,0,0,0,1,1,0,1,1,1,0,1,0,0,0,0,0,0,1,0,0
1,1,1,0,0,0,0,0,0,1,1,1,0,1,0,0,0,0,0,0,1,0,0
1,1,1,0,0,0,0,0,0,1,1,1,0,1,0,0,0,0,0,0,1,0,0
1,1,1,0,0,0,0,0,0,1,1,1,0,1,0,0,0,0,0,0,1,0,0
1,1,1,0,0,0,0,0,0,1,1,1,0,1,0,0,0,0,0,0,1,0,0
1,1,1,0,0,0,0,0,0,1,1,1,0,0,0,0,0,0,0,0,0,0,0
1,1,1,0,0,0,0,0,0,1,1,1,0,0,0,0,0,0,0,0,0,0,0
1,1,0,0,0,0,0,0,0,1,1,1,0,0,0,0,0,0,0,0,0,0,0
1,1,0,0,0,0,0,0,0,1,1,1,0,0,0,0,0,0,0,0,0,0,0
1,1,0,0,0,0,0,0,0,1,1,1,0,0,0,0,0,0,0,0,0,0,0
1,1,1,0,0,0,0,0,0,1,1,1,0,0,0,0,0,0,0,0,0,0,0
1,1,0,0,0,0,0,0,0,1,1,1,0,0,0,0,0,0,0,0,0,0,0
1,1,1,0,0,0,1,0,0,1,1,0,0,1,0,0,0,0,0,0,1,0,0
1,1,1,0,0,0,0,0,0,1,1,0,0,1,0,0,0,0,0,0,1,0,0
1,1,1,0,0,0,0,0,0,1,1,0,0,1,0,0,0,0,0,0,1,0,0
1,1,1,0,0,0,0,0,0,1,1,0,0,1,0,0,0,0,0,0,1,0,0
1,1,1,0,0,0,0,0,0,1,1,1,0,1,0,0,0,0,0,0,1,0,0
1,1,1,0,0,0,0,0,0,1,1,1,0,1,0,0,0,0,0,0,1,0,0
0,0,0,1,0,0,0,0,0,1,1,0,1,0,0,0,0,1,1,1,1,0,0
0,0,0,1,0,0,0,0,0,1,1,0,1,0,0,0,0,0,1,1,1,0,0
1,0,0,1,0,0,0,0,0,1,1,0,1,0,0,0,0,0,1,1,1,0,0
0,0,0,1,0,0,0,0,0,1,1,0,1,0,0,0,0,1,1,1,1,0,1
1,0,0,0,0,1,1,1,0,0,0,0,0,0,1,0,0,0,1,1,1,0,0
0,1,0,0,0,0,0,0,0,1,0,0,0,0,0,0,0,0,1,1,0,0,0
0,1,0,0,0,0,0,0,1,0,0,0,0,0,0,0,0,0,1,1,0,0,0
0,1,0,0,0,0,0,0,0,0,0,0,0,0,0,0,1,0,1,1,0,0,0
1,1,0,0,0,0,0,0,0,0,0,0,0,0,0,0,1,0,1,1,0,0,0
0,1,0,0,0,0,0,0,0,0,0,0,0,0,0,0,0,1,1,1,0,0,0
0,1,0,0,0,0,0,0,0,0,0,0,0,0,0,0,0,0,1,1,0,0,0
0,1,0,0,0,0,0,0,0,0,0,0,0,0,0,0,0,0,1,1,0,0,0
0,1,0,0,0,0,0,0,0,0,0,0,0,0,0,0,1,0,1,1,0,0,0
0,1,0,0,0,0,0,0,0,0,0,0,0,0,0,0,1,0,1,1,0,0,0
0,1,0,0,0,0,1,1,0,0,0,0,0,0,0,0,0,0,1,1,0,0,0
0,1,1,0,0,0,1,1,0,0,0,0,0,0,0,0,1,0,1,1,0,0,0
0,1,1,0,0,0,1,1,0,0,0,0,0,0,0,0,1,0,1,1,0,0,0
0,1,1,0,0,0,1,1,0,0,0,0,0,0,0,0,0,0,1,1,0,0,0
0,1,1,0,0,0,1,1,0,1,1,0,0,0,0,0,0,0,1,1,0,0,0
0,1,1,0,0,0,1,1,1,0,0,0,0,0,0,0,0,0,1,1,0,0,0
1,1,0,0,0,0,1,1,0,1,1,0,0,0,0,0,0,0,1,1,0,0,0
0,1,1,0,0,0,1,1,0,1,1,0,0,0,0,0,0,0,1,1,0,0,0
1,1,0,0,0,0,1,1,0,0,0,0,0,0,0,0,0,0,1,1,0,0,0
0,1,1,0,0,0,1,1,0,1,0,0,0,0,0,0,0,0,1,1,0,0,0
0,1,1,0,0,0,1,1,0,0,0,0,0,0,0,0,1,0,1,1,0,0,0
0,1,1,0,0,0,1,1,0,1,0,0,0,0,0,0,1,0,1,1,1,0,0
0,1,1,0,0,0,1,1,1,0,0,0,0,0,0,1,1,0,1,1,0,0,0
0,1,0,0,0,0,1,1,1,0,0,0,0,0,0,0,0,1,1,1,0,0,0
0,1,0,0,0,0,1,1,1,0,0,0,0,0,0,0,0,1,1,1,0,0,0
0,1,0,0,0,0,0,0,0,0,0,0,0,0,0,0,0,1,1,1,0,1,0
1,1,0,0,0,0,0,0,0,0,0,0,0,0,0,0,0,1,1,1,0,1,0
1,1,0,0,0,0,0,0,0,0,0,0,0,0,0,0,0,1,1,1,0,1,0
1,1,1,0,1,0,1,1,0,1,0,0,1,1,0,0,0,0,0,0,1,0,0
1,1,1,0,1,0,1,1,0,1,0,0,1,1,0,0,0,0,0,0,1,0,0
1,1,0,0,0,0,1,1,1,0,0,0,0,0,0,0,0,1,1,1,0,0,0
0,1,0,0,0,0,1,1,1,0,0,0,0,0,0,0,0,1,1,1,0,0,0
0,1,0,0,0,0,1,1,1,0,0,0,0,0,0,0,0,0,1,1,1,0,0
0,1,0,0,0,0,1,1,1,0,0,0,0,0,0,0,0,0,1,1,1,0,0
0,1,0,0,0,0,1,1,1,0,0,0,0,0,0,0,0,0,1,1,1,0,0
0,1,0,0,0,0,1,1,1,0,0,0,0,0,0,0,0,1,1,1,1,0,0
0,1,0,0,0,0,1,1,1,0,0,0,0,0,0,0,0,1,1,1,1,0,0
0,1,0,0,0,0,1,1,0,0,0,0,0,0,1,0,0,0,1,1,1,1,0
0,1,1,0,0,0,1,1,1,0,0,0,0,0,0,0,0,1,1,1,0,0,0
0,0,0,0,0,0,0,0,0,0,0,0,0,0,0,0,1,0,1,1,0,0,0
0,1,0,0,0,0,0,0,1,0,0,0,0,0,0,0,0,0,1,1,1,0,0
0,1,0,0,0,0,0,0,1,0,0,0,0,0,1,0,0,0,1,1,1,0,0
0,1,0,0,0,0,0,0,1,0,0,0,0,0,1,0,0,0,1,1,1,0,0
0,1,0,0,0,0,0,0,1,0,0,0,0,0,0,0,0,0,1,1,1,0,0
0,1,0,0,0,0,0,0,1,0,0,0,0,0,1,0,0,0,1,1,1,0,0
0,1,0,0,0,0,0,0,1,0,0,0,0,0,1,0,0,0,1,1,1,0,0
1,0,0,0,0,0,1,1,0,0,0,0,0,0,0,0,1,0,1,1,0,1,0
0,1,0,0,0,0,0,0,0,0,0,0,0,0,0,0,1,0,1,1,0,1,0
0,1,0,0,0,0,0,0,0,0,0,0,0,0,1,0,1,0,1,1,0,0,0
0,1,0,0,0,0,1,1,0,0,0,0,0,0,0,0,1,0,1,1,0,0,0
0,1,0,0,0,0,0,0,0,0,0,0,0,0,0,1,1,0,1,1,0,0,0
0,1,0,0,0,0,0,0,0,0,0,0,0,0,1,0,1,0,1,1,0,0,0
0,1,0,0,0,0,0,0,0,0,0,0,0,0,1,0,1,0,1,1,0,0,0
0,1,0,0,0,0,0,0,0,0,0,0,0,0,0,0,1,0,1,1,0,0,0
1,0,0,0,0,0,0,0,0,0,0,0,0,0,0,0,1,0,1,1,0,0,0
0,0,0,0,0,0,0,0,0,0,0,0,0,0,1,0,1,0,1,1,0,0,0
1,0,0,0,0,0,0,0,0,0,0,0,0,0,0,0,1,0,1,1,0,0,0
0,0,0,0,0,0,0,0,0,0,0,0,0,0,0,0,1,1,1,1,0,0,0
0,1,1,0,0,0,1,1,0,1,0,0,0,0,0,0,1,0,1,1,1,0,0
0,1,1,0,0,0,1,1,0,0,0,0,0,0,0,0,1,0,1,1,0,0,0
0,1,1,0,0,0,1,1,0,0,0,0,0,0,0,0,1,0,1,1,0,0,0
0,1,1,0,0,0,1,1,0,0,0,0,0,0,0,0,1,0,1,1,0,0,0
0,1,1,0,0,0,1,1,0,0,0,0,0,0,0,0,1,0,1,1,0,0,0
0,1,1,0,0,0,1,1,0,0,0,0,0,0,0,0,1,0,1,1,0,0,0
0,1,1,0,0,0,1,1,0,0,0,0,0,0,0,0,1,0,1,1,0,0,0
0,1,1,0,0,0,1,1,0,0,0,0,0,0,0,0,1,0,1,1,0,0,0
0,1,1,0,0,0,1,1,0,0,0,0,0,0,0,0,1,0,1,1,0,0,0
0,0,0,0,1,0,1,1,0,0,0,0,0,0,0,0,1,0,1,1,0,0,0
0,1,0,0,1,1,1,1,0,1,0,0,1,1,0,1,0,0,1,1,1,0,0
0,1,0,0,1,1,1,1,0,1,0,0,1,1,0,1,0,0,1,1,1,0,0
0,1,1,0,1,1,1,1,0,1,0,0,0,0,0,1,0,0,1,1,1,0,0
1,1,0,0,0,1,0,0,1,0,0,0,0,0,0,0,0,1,1,1,0,0,0
1,0,0,0,0,1,0,0,1,0,0,0,0,0,0,0,0,1,1,1,0,1,0
1,1,1,0,0,1,0,0,1,0,0,0,0,0,0,0,0,1,1,1,0,1,0
1,1,0,0,0,1,0,0,1,0,0,0,0,0,0,0,1,1,1,1,0,0,0
1,1,0,0,0,1,0,0,1,0,0,0,0,0,0,0,0,1,1,1,0,0,0
1,1,0,0,0,1,0,0,1,0,0,0,0,0,0,0,1,1,1,1,0,0,0
1,1,0,0,0,1,0,0,1,0,0,0,0,0,0,0,0,1,1,1,0,0,0
1,1,0,0,0,0,0,0,1,0,0,0,0,0,0,0,0,1,1,1,0,0,0
1,1,0,0,0,0,0,0,1,1,1,0,1,1,0,0,0,1,1,1,1,0,0
1,1,1,0,0,1,0,0,1,0,0,0,0,0,0,0,0,1,1,1,0,0,0
1,1,0,0,0,0,0,0,1,1,1,0,1,1,0,0,0,1,1,1,1,0,0
1,0,0,0,0,0,0,0,1,1,0,1,1,1,0,0,0,1,1,1,1,0,0
1,1,0,0,0,0,0,0,1,1,0,1,1,1,0,0,0,1,1,1,1,0,0
1,0,0,0,0,0,0,0,1,1,1,0,1,1,0,0,0,1,1,1,1,0,0
0,0,1,0,0,0,0,0,0,0,0,0,0,0,0,0,1,0,1,1,0,0,0
0,0,0,0,0,0,0,0,0,1,1,0,0,1,0,0,1,0,1,1,1,0,0
0,0,0,0,0,0,1,1,0,1,1,0,0,1,0,0,1,0,1,1,1,0,0
0,1,0,0,0,0,0,0,0,1,1,0,0,1,0,0,1,0,1,1,1,0,0
0,1,0,0,0,0,0,0,0,1,1,0,0,1,0,0,1,0,1,1,1,0,0
0,1,0,0,0,0,0,0,0,1,1,0,0,1,0,0,1,0,1,1,1,0,0
1,1,0,0,0,0,0,0,0,1,1,0,0,1,0,0,1,0,1,1,1,0,0
1,1,0,0,0,0,0,0,0,1,1,0,0,1,0,0,1,0,1,1,1,0,0
0,1,0,0,0,0,0,0,0,1,1,0,0,1,0,0,1,0,1,1,1,0,0
0,1,1,0,0,0,0,0,0,1,1,0,0,1,0,0,1,0,1,1,1,0,0
0,1,0,1,0,0,0,0,0,1,1,0,0,1,0,0,1,0,1,1,1,0,1
0,1,0,1,0,0,0,0,0,1,1,0,0,1,0,0,1,0,1,1,1,0,1
0,1,0,1,0,0,0,0,0,1,1,0,0,1,0,0,1,0,1,1,1,0,1
1,1,0,0,1,0,1,1,0,1,0,0,1,1,0,0,0,0,0,0,1,0,0
0,1,0,0,1,0,0,0,1,1,0,0,0,1,0,0,0,0,0,0,1,0,0
1,1,0,0,1,0,0,0,0,1,0,0,0,1,0,0,0,0,0,0,1,0,0
0,1,0,0,1,0,0,0,0,1,0,0,0,1,0,0,0,0,0,0,1,0,0
0,1,0,0,1,0,0,0,0,1,0,0,0,1,0,0,0,0,0,0,1,0,0
1,1,0,0,1,0,0,0,0,1,0,0,0,1,0,0,0,0,0,0,1,0,0
1,1,0,0,1,0,0,0,0,1,0,0,0,1,0,0,0,0,0,0,1,0,0
0,1,0,0,1,0,0,0,0,1,0,0,0,1,0,0,0,0,0,0,1,0,0
0,1,0,0,1,0,0,0,0,1,0,0,0,1,0,0,0,0,0,0,1,0,0
0,1,0,0,1,0,0,0,0,1,0,0,0,1,0,0,0,0,0,0,1,0,0
1,1,0,0,1,0,0,0,0,1,0,0,1,1,0,0,0,0,0,0,1,0,0
1,1,0,0,1,1,0,0,0,1,0,0,1,1,0,0,0,0,0,0,1,0,0
1,1,0,0,1,0,0,0,0,1,0,0,1,1,0,0,0,0,0,0,1,0,0
1,0,0,0,0,0,0,0,0,0,0,0,1,1,0,0,0,0,0,0,1,0,0
1,0,0,0,0,0,0,0,0,1,0,0,0,1,0,0,0,0,0,0,1,0,0
0,1,1,0,0,0,1,1,0,1,0,0,1,1,0,0,1,0,1,1,1,0,0
0,1,1,0,0,0,1,1,0,0,0,0,0,0,0,0,1,0,1,1,0,0,0
0,1,1,0,0,0,1,1,0,0,0,0,0,0,0,0,1,0,1,1,0,0,0
0,1,1,0,0,0,1,1,0,0,0,0,0,0,0,0,1,0,1,1,0,0,0
0,1,1,0,0,0,1,1,0,0,0,0,0,0,0,0,1,0,1,1,0,0,0
0,1,1,0,0,0,1,1,0,0,0,0,0,0,0,0,1,0,1,1,0,0,0
0,1,1,0,0,0,1,1,0,0,0,0,0,0,0,0,1,0,1,1,0,0,0
0,1,1,0,0,0,1,1,0,0,0,0,0,0,0,0,1,0,1,1,0,0,0
0,1,1,0,0,0,1,1,0,0,0,0,0,0,0,0,1,0,1,1,0,0,0
0,1,1,0,0,1,1,1,0,0,0,0,1,1,0,0,1,0,1,1,1,0,0
0,1,1,0,0,0,1,1,0,0,0,0,1,1,0,0,1,0,1,1,1,0,0
0,1,1,0,0,0,1,1,1,0,0,0,1,1,0,0,1,0,1,1,1,0,0
0,1,1,0,0,0,1,1,0,0,0,0,1,1,0,0,1,0,1,1,1,0,0
0,1,1,0,0,0,1,1,0,0,0,0,1,1,0,0,1,0,1,1,1,0,0
0,1,1,0,0,0,1,1,0,0,0,0,0,0,0,0,1,0,1,1,0,0,0
0,1,1,0,0,0,1,1,0,0,0,0,0,0,0,0,1,0,1,1,0,0,0
0,1,1,0,0,0,1,1,0,0,0,0,0,0,0,0,1,0,1,1,0,0,0
0,1,1,0,0,0,1,1,0,0,0,0,0,0,0,0,1,0,1,1,0,0,0
0,1,1,0,0,0,1,1,0,0,0,0,0,0,0,0,1,0,1,1,0,0,0
0,0,0,0,0,0,0,0,0,0,0,0,0,0,0,0,1,0,1,1,0,0,0
1,0,0,0,0,0,0,0,0,0,0,0,1,1,0,0,0,0,0,0,1,0,0
1,1,0,0,0,1,0,0,0,1,0,0,1,1,0,0,0,0,0,0,1,0,0
1,0,0,0,0,1,0,0,0,1,0,0,1,1,0,0,0,0,0,0,1,0,0
0,0,0,0,0,1,0,0,0,1,0,0,1,1,0,0,0,0,0,0,1,0,0
1,0,0,0,0,1,0,0,0,1,0,0,1,1,0,0,0,0,0,0,1,0,0
1,0,0,0,0,0,0,0,0,0,0,0,1,1,0,0,0,0,0,0,1,0,0
1,0,0,0,0,1,0,0,0,0,0,0,1,1,0,0,0,0,0,0,1,0,0
1,0,0,0,0,1,0,0,0,0,0,0,1,1,0,0,0,0,0,0,1,0,0
0,1,1,0,0,0,1,1,0,0,0,0,0,0,0,0,1,0,1,1,0,0,0
0,1,1,0,0,0,1,1,0,0,0,0,0,0,0,0,1,0,1,1,0,0,0
0,1,1,0,0,0,1,1,0,0,0,0,0,0,0,0,1,0,1,1,0,0,0
0,1,1,0,0,0,1,1,0,0,0,0,0,0,0,0,1,1,1,1,0,0,0
0,1,1,0,0,0,1,1,0,0,0,0,0,0,0,0,1,0,1,1,0,0,0
0,1,1,0,0,0,1,1,0,0,0,0,0,0,0,0,1,0,1,1,0,0,0
1,1,1,0,0,0,1,1,0,1,0,1,0,0,0,0,1,0,1,1,0,0,0
0,1,1,0,0,0,1,1,0,0,0,0,0,0,0,0,1,1,1,1,0,0,0
0,1,1,0,0,0,1,1,0,0,0,0,0,0,0,0,1,0,1,1,0,0,0
0,1,1,0,0,0,1,1,0,0,0,0,0,0,0,0,1,0,1,1,0,0,0
0,1,1,0,0,0,1,1,0,0,0,0,0,0,0,0,1,0,1,1,0,0,0
1,1,1,0,0,0,1,1,0,0,0,0,0,0,0,0,1,0,1,1,0,0,0
0,1,1,0,0,0,1,1,0,0,0,0,0,0,0,0,1,0,1,1,0,0,0
1,1,1,0,0,0,1,1,0,0,0,0,0,0,0,0,1,0,1,1,0,0,0
1,1,1,0,0,0,1,1,0,0,0,0,0,0,0,0,1,0,1,1,0,0,0
1,1,1,0,0,0,1,1,0,0,0,0,0,0,0,0,1,0,1,1,0,0,0
0,1,1,0,0,0,1,1,0,0,0,0,0,0,0,0,1,0,1,1,0,0,0
1,1,1,0,1,0,1,1,0,0,0,0,0,0,0,0,1,0,1,1,0,0,0
0,1,1,0,0,0,1,1,0,0,0,0,0,0,0,0,1,0,1,1,0,0,0
0,1,1,0,0,0,1,1,0,0,0,0,0,0,0,0,1,0,1,1,0,0,0
1,1,0,0,0,0,1,1,0,0,0,0,0,0,1,0,0,1,1,1,1,1,0
0,0,0,0,0,1,0,0,0,1,1,0,0,0,0,0,0,0,1,1,0,0,0
0,1,0,0,0,0,1,1,1,0,0,0,0,0,0,0,0,1,1,1,0,0,0
0,1,1,0,0,0,1,1,0,0,0,0,0,0,0,0,1,1,1,1,0,0,0
0,1,1,0,0,0,1,1,0,0,0,0,0,0,0,0,1,1,1,1,0,0,0
0,1,1,0,0,0,1,1,0,0,0,0,0,0,0,0,1,1,1,1,0,0,0
1,1,1,0,0,0,1,1,0,0,0,0,0,0,0,0,1,1,1,1,0,0,0
0,1,1,0,0,0,1,1,0,0,0,0,0,0,0,0,1,1,1,1,0,0,0
0,1,1,0,0,0,1,1,0,0,0,0,0,0,0,0,1,1,1,1,0,0,0
0,1,1,0,0,0,1,1,0,0,0,0,0,0,0,0,1,1,1,1,0,0,0
0,1,1,0,0,0,1,1,0,0,0,0,0,0,0,0,1,1,1,1,0,0,0
0,1,1,0,0,1,1,1,0,1,1,0,0,0,0,0,1,0,1,1,0,0,0
0,1,1,0,0,1,1,1,0,1,1,0,0,0,0,1,1,0,1,1,0,0,0
0,1,1,0,0,1,1,1,0,1,1,0,0,0,0,0,1,0,1,1,0,0,0
0,1,0,0,0,1,0,0,0,0,0,0,0,0,0,0,0,0,1,1,0,0,0
0,1,0,0,0,1,0,0,0,0,0,0,0,0,0,0,0,0,1,1,0,0,0
0,0,0,0,1,0,1,1,0,1,0,0,1,1,0,0,1,0,1,1,1,0,0
0,0,0,0,0,1,1,1,0,1,0,0,1,1,0,0,1,0,1,1,1,0,0
1,1,1,0,0,0,0,0,0,1,1,1,0,1,0,0,0,0,0,0,1,0,0
1,1,1,0,0,0,0,0,0,1,1,1,0,1,0,0,0,0,0,0,1,0,0
1,1,1,0,0,0,0,0,0,1,1,1,0,1,0,0,0,0,0,0,1,0,0
1,1,1,0,0,0,0,0,0,1,1,1,0,1,0,0,0,0,0,0,1,0,0
1,1,1,0,0,0,0,0,0,1,1,0,0,1,0,0,0,0,0,0,1,0,0
1,1,1,0,0,0,0,0,0,1,1,0,0,1,0,0,0,0,0,0,1,0,0
0,0,0,0,0,0,1,0,0,1,1,0,0,1,0,0,0,0,0,0,1,0,0
0,0,0,0,0,0,1,0,0,1,1,0,0,1,0,0,0,0,0,0,1,0,0
1,0,0,0,0,0,1,0,0,1,1,0,0,1,0,0,0,0,0,0,1,0,0
1,0,0,0,0,0,1,0,0,1,1,0,0,1,0,0,0,0,0,0,1,0,0
0,0,0,0,0,0,1,0,0,1,1,0,0,1,0,0,0,0,0,0,1,0,0
0,0,0,0,0,0,1,0,0,1,1,0,0,1,0,1,0,0,0,0,1,0,0
0,0,0,0,0,0,1,0,0,1,1,0,0,1,0,0,0,0,0,0,1,0,0
1,0,1,0,0,0,1,0,0,1,1,0,0,1,0,0,0,0,0,0,1,0,0
0,0,0,0,0,0,1,0,0,1,1,0,0,1,0,0,0,0,0,0,1,0,0
0,0,0,0,0,0,1,0,0,1,1,0,0,1,0,0,0,0,0,0,1,1,0
1,0,1,0,0,0,1,0,0,1,1,0,0,1,0,0,0,0,0,0,1,0,0
0,0,0,0,0,0,1,0,0,1,1,0,0,1,0,0,0,0,0,0,1,1,0
1,0,0,0,0,0,1,0,0,1,1,0,0,1,0,0,0,0,0,0,1,0,0
0,0,0,0,0,0,1,0,0,1,1,0,0,1,0,0,0,0,0,0,1,0,0
0,0,0,0,0,0,1,0,0,1,1,0,0,1,0,0,0,0,0,0,1,0,0
0,0,0,0,0,0,1,0,0,1,1,0,0,1,0,0,0,0,0,0,1,1,0
1,0,1,0,0,0,1,0,0,1,1,0,0,1,0,0,0,0,0,0,1,0,0
0,0,0,0,0,0,1,0,0,1,1,0,0,1,0,0,0,0,0,0,1,0,0
1,0,1,0,0,0,1,0,0,1,1,0,0,1,0,0,0,0,0,0,1,0,0
0,0,0,0,0,0,1,0,0,1,1,0,0,1,0,0,0,0,0,0,1,1,0
0,0,0,0,0,0,1,0,0,1,1,0,0,0,0,0,1,0,0,1,0,0,0
0,0,0,0,0,0,1,0,0,1,1,0,0,0,0,0,1,0,0,1,0,1,0
1,1,0,0,0,0,1,0,0,1,1,0,1,1,0,0,0,0,0,0,1,0,0
0,0,0,0,0,1,1,1,0,0,0,0,0,0,0,0,1,0,1,1,0,1,0
1,0,0,0,0,1,0,0,0,0,0,0,1,1,0,0,0,0,0,0,1,0,0
1,0,0,0,0,1,0,0,0,0,0,0,1,1,0,0,0,0,0,0,1,0,0
1,0,0,0,0,1,0,0,0,0,0,0,1,1,0,0,0,0,0,0,1,0,0
1,0,0,0,0,1,0,0,0,0,0,0,1,1,0,0,0,0,0,0,1,0,0
1,0,0,1,0,0,0,0,0,1,1,0,1,1,0,0,0,1,1,1,1,0,1
0,1,0,0,0,1,0,0,0,0,0,0,0,0,0,0,0,0,1,1,1,0,0
0,0,0,0,0,1,0,0,0,0,0,0,0,0,0,0,0,1,1,1,1,0,0
0,1,0,0,0,1,0,0,0,0,0,0,0,0,0,0,1,0,1,1,0,0,0
0,1,0,0,0,1,0,0,0,0,0,0,0,0,0,0,1,0,1,1,0,0,0
0,1,0,0,0,1,0,0,0,0,0,0,0,0,0,0,1,0,1,1,0,0,0
0,1,0,0,0,1,0,0,1,0,0,0,0,0,0,0,1,0,1,1,0,0,0
0,1,0,0,0,1,0,0,0,0,0,0,0,0,0,0,1,0,1,1,0,0,0
0,1,0,0,0,1,0,0,0,0,0,0,0,0,0,0,1,0,1,1,0,0,0
0,1,1,0,0,1,0,0,0,0,0,0,0,0,0,0,1,0,1,1,0,0,0
0,1,0,0,0,1,0,0,0,0,0,0,0,0,0,0,1,0,1,1,0,0,0
0,1,0,0,1,1,0,0,0,0,0,0,0,0,0,0,1,0,1,1,0,0,0
1,1,0,0,0,1,0,0,0,0,0,0,0,0,0,1,1,0,1,1,0,0,0
1,1,0,0,0,1,0,0,0,0,0,0,0,0,0,0,1,0,1,1,0,0,0
1,1,0,1,0,1,0,0,0,0,0,0,0,0,0,0,1,0,1,1,0,0,1
1,1,0,1,0,1,0,0,0,0,0,0,0,0,0,0,1,0,1,1,0,0,0
1,1,0,0,1,1,1,1,0,0,0,0,0,0,0,0,1,0,1,1,0,0,0
1,1,1,0,0,1,0,0,0,0,0,0,0,0,0,0,1,0,1,1,0,0,0
1,1,0,0,0,1,0,0,0,0,0,0,0,0,0,0,1,0,1,1,0,0,0
1,1,0,0,0,1,0,0,0,0,0,0,0,0,0,1,1,0,1,1,0,0,0
1,1,0,0,0,1,0,0,0,0,0,0,0,0,0,1,1,0,1,1,0,0,0
1,1,0,0,0,1,0,0,0,0,0,0,0,0,0,0,1,0,1,1,0,0,0
1,1,0,0,0,1,0,0,0,0,0,0,0,0,0,1,1,0,1,1,0,0,0
1,1,0,0,0,1,0,0,0,0,0,0,0,0,0,1,1,0,1,1,0,0,0
1,1,0,0,0,1,0,0,0,0,0,0,0,0,0,1,1,0,1,1,0,0,0
0,1,0,0,0,1,0,0,0,0,0,0,0,0,0,0,1,0,1,1,0,0,0
0,1,0,0,0,1,0,0,0,0,0,0,0,0,0,0,1,0,1,1,0,0,0
0,1,0,0,0,1,0,0,0,1,0,0,0,0,0,0,1,0,1,1,0,0,0
0,1,0,0,0,1,0,0,0,0,0,0,0,0,0,0,1,0,1,1,1,0,0
0,1,0,0,0,1,0,0,0,0,0,0,0,0,0,0,1,0,1,1,1,0,0
0,1,1,0,0,1,0,0,0,1,0,0,0,0,0,0,0,0,1,1,0,0,0
1,1,1,0,0,1,0,0,0,1,0,0,0,0,0,0,1,0,1,1,0,0,0
0,1,0,0,0,1,0,0,0,1,0,0,0,0,0,0,1,0,1,1,0,0,0
1,1,0,0,0,1,0,0,0,1,0,0,0,1,0,0,1,0,1,1,1,0,0
0,1,0,1,0,1,0,0,0,1,0,0,0,0,0,0,1,0,1,1,0,0,0
0,1,1,0,0,1,0,0,0,1,0,0,0,0,0,0,1,0,1,1,0,0,0
0,1,1,0,0,1,0,0,0,1,0,0,0,0,0,0,1,0,1,1,0,0,0
0,1,1,0,0,1,0,0,0,1,0,0,0,0,0,0,1,0,1,1,0,0,0
0,1,1,0,0,1,0,0,0,1,0,0,0,0,0,0,1,0,1,1,0,0,0
0,1,1,0,0,1,0,0,0,1,0,0,0,0,0,0,1,0,1,1,0,0,0
0,1,1,0,0,1,0,0,0,1,0,0,0,0,0,0,1,1,1,1,0,0,0
0,1,1,0,0,1,1,0,0,1,0,0,0,0,0,0,1,0,1,1,0,0,0
0,1,1,0,0,1,0,0,0,1,0,0,0,0,0,0,1,0,1,1,0,0,0
0,1,1,0,0,1,0,0,0,1,0,0,0,0,0,0,1,0,1,1,0,0,0
1,1,1,0,0,1,0,0,0,1,0,0,0,0,0,0,1,0,1,1,0,0,0
1,1,1,0,0,1,0,0,0,1,0,0,0,0,0,0,1,0,1,1,0,0,0
0,1,0,0,0,0,1,1,0,0,0,0,0,0,0,0,0,1,1,1,1,0,0
0,1,0,0,0,0,1,1,0,0,0,0,0,0,0,0,0,1,1,1,1,0,0
1,1,1,0,0,0,1,1,0,1,0,0,0,0,0,0,0,0,0,0,1,0,0
0,0,0,0,0,0,0,0,0,0,0,0,1,1,0,1,1,0,1,1,1,0,0
0,0,0,0,0,0,0,0,0,0,0,0,1,1,1,0,1,0,1,1,1,0,0
0,1,0,0,1,1,0,0,0,1,1,1,0,0,1,1,0,0,1,1,1,0,0
0,1,0,0,1,1,0,0,0,1,1,1,0,0,1,1,0,0,1,1,1,0,0
0,0,0,0,0,0,1,1,0,1,0,0,0,1,0,0,1,0,1,1,1,0,0
1,0,0,0,0,0,0,0,0,0,0,0,0,0,0,0,0,0,1,1,1,0,0
0,0,0,0,0,0,0,0,1,0,0,0,0,0,0,0,0,0,1,1,1,0,0
1,1,0,0,0,0,0,0,0,1,1,0,0,0,0,0,0,0,1,1,1,0,0
1,1,0,0,0,1,0,0,0,0,0,0,0,0,0,0,1,0,1,1,0,0,0
1,1,0,0,0,1,0,0,0,0,0,0,0,0,0,1,1,0,1,1,0,0,0
1,1,0,0,0,1,0,0,0,0,0,0,0,0,0,0,1,0,1,1,0,0,0
1,1,0,0,0,1,0,0,0,0,0,0,0,0,0,0,1,0,1,1,0,0,0
1,1,0,0,0,1,0,0,0,0,0,0,0,0,0,0,1,0,1,1,0,0,0
1,1,0,0,0,1,0,0,0,0,0,0,0,0,0,0,1,0,1,1,0,0,0
1,1,0,0,0,1,0,0,0,0,0,0,0,0,0,0,1,0,1,1,0,0,0
1,1,0,0,0,1,0,0,0,0,0,0,0,0,0,0,1,0,1,1,0,0,0
1,1,0,0,0,1,0,0,0,0,0,0,0,0,1,0,1,0,1,1,0,0,0
1,1,0,0,0,1,0,0,0,0,0,0,0,0,0,1,1,0,1,1,0,0,0
1,1,0,0,0,1,0,0,0,0,0,0,0,0,0,0,1,0,1,1,0,0,0
1,1,0,0,0,1,0,0,0,0,0,0,0,0,0,0,1,0,1,1,0,0,0
1,1,0,0,0,1,0,0,0,0,0,0,0,0,0,0,1,0,1,1,0,0,0
1,1,0,0,0,1,0,0,0,0,0,0,0,0,0,0,1,0,1,1,0,0,0
1,1,0,0,0,1,0,0,1,0,0,0,0,0,0,0,1,0,1,1,0,0,0
1,1,0,0,0,1,0,0,1,0,0,0,0,0,0,0,1,0,1,1,0,0,0
1,1,0,0,0,1,0,0,1,0,0,0,0,0,0,0,1,0,1,1,0,0,0
1,1,0,0,0,1,0,0,1,0,0,0,0,0,0,0,1,0,1,1,0,0,0
1,1,0,0,0,1,0,0,0,0,0,0,0,0,0,0,1,0,1,1,0,1,0
1,1,0,0,0,1,0,0,0,0,0,0,0,0,0,0,1,0,1,1,0,0,0
1,1,0,0,0,1,0,0,1,0,0,0,0,0,0,0,1,0,1,1,0,0,0
1,1,0,0,0,1,0,0,1,0,0,0,0,0,0,0,1,0,1,1,0,1,0
0,0,0,0,0,0,0,0,1,0,0,0,0,0,0,0,1,1,1,1,0,0,0
1,1,0,0,0,1,0,0,0,0,0,0,0,0,0,0,1,0,1,1,0,0,0
1,1,0,0,0,1,0,0,0,0,0,0,0,0,0,0,1,0,1,1,0,0,0
0,1,0,0,0,1,1,1,0,1,0,0,1,1,0,0,0,1,1,1,1,0,0
0,0,0,0,0,0,0,0,1,1,0,0,1,1,0,1,1,0,0,1,1,0,0
1,0,0,0,0,1,0,0,0,0,0,0,0,0,0,0,1,0,1,1,0,0,0
1,1,0,0,0,0,0,0,0,0,0,0,0,0,0,0,0,0,1,1,1,0,0
0,0,0,0,1,0,0,0,0,0,0,0,0,0,0,0,0,0,1,1,1,0,0
1,1,0,0,0,0,0,0,0,0,0,0,0,0,0,0,0,0,1,1,1,0,0
1,0,0,0,0,1,0,0,0,0,0,0,0,0,1,1,0,0,1,1,0,0,0
1,0,0,0,0,1,0,0,0,1,0,0,0,1,1,1,0,0,1,1,1,0,0
1,1,0,0,0,0,0,0,0,1,0,1,0,1,0,0,0,1,1,1,1,0,0
0,1,0,0,0,0,0,0,0,1,0,1,0,1,0,0,0,1,1,1,1,0,0
0,1,0,0,1,0,0,0,0,0,0,0,0,0,1,0,1,0,1,1,0,0,0
0,1,0,0,0,0,0,0,0,1,1,0,0,0,1,0,1,0,1,1,0,0,0
1,1,0,0,0,0,1,0,0,0,0,0,0,0,0,0,1,0,1,1,0,0,0
0,1,0,0,0,0,0,0,0,1,1,0,0,0,1,0,0,0,1,1,1,0,0
1,1,1,0,0,0,1,1,0,1,1,1,0,0,0,0,1,0,1,1,0,0,0
1,0,0,0,0,0,0,0,0,1,1,1,0,1,0,1,1,0,1,1,1,0,0
0,1,0,0,0,0,0,0,0,1,0,0,0,0,0,0,0,0,1,1,1,0,0
1,1,0,0,0,0,0,0,0,0,0,0,0,0,0,0,1,0,1,1,0,0,0
1,1,0,0,0,0,0,0,0,0,0,0,0,0,0,1,1,0,1,1,0,0,0
1,1,0,0,0,0,0,0,0,0,0,0,0,0,1,0,1,0,1,1,0,0,0
1,1,0,0,0,0,0,0,0,0,0,0,0,0,0,1,1,0,1,1,0,0,0
1,1,0,0,0,0,0,0,0,0,0,0,0,0,1,0,1,0,1,1,0,0,0
1,1,0,0,0,0,0,0,0,0,0,0,0,0,1,0,1,0,1,1,0,0,0
1,1,0,0,0,0,0,0,0,0,0,0,0,0,1,0,1,0,1,1,0,0,0
1,1,0,0,0,0,0,0,0,0,0,0,0,0,0,1,1,0,1,1,0,0,0
1,1,0,0,0,0,0,0,0,0,0,0,0,0,0,0,1,0,1,1,0,0,0
0,1,0,0,0,0,0,0,0,0,0,0,0,0,0,1,1,0,1,1,0,0,0
0,1,0,0,0,0,0,0,0,0,0,0,0,0,1,0,1,0,1,1,0,0,0
0,1,0,0,0,0,0,0,0,0,0,0,0,0,1,0,1,0,1,1,0,0,0
1,1,0,1,0,0,0,0,0,0,0,0,0,0,0,0,0,0,1,1,0,0,1
0,1,0,1,0,0,0,0,0,0,0,0,0,0,0,0,0,0,1,1,0,0,1
0,1,0,1,0,0,0,0,0,0,0,0,0,0,0,0,0,0,1,1,0,0,1
0,1,0,1,0,0,0,0,0,0,0,0,0,0,0,0,0,0,1,1,0,0,1
0,1,0,1,0,0,0,0,0,0,0,0,0,0,0,0,0,0,1,1,0,0,1
0,1,0,1,0,0,0,0,0,0,0,0,0,0,0,0,0,0,1,1,0,0,1
0,1,0,1,0,0,0,0,0,0,0,0,0,0,0,0,0,0,1,1,0,0,1
0,1,0,1,0,0,0,0,0,0,0,0,0,0,0,0,0,0,1,1,0,0,1
0,1,0,1,0,0,0,0,0,0,0,0,0,0,0,0,0,0,1,1,0,0,1
0,1,0,1,0,0,0,0,0,0,0,0,0,0,0,0,0,1,1,1,0,0,1
0,1,0,1,0,0,0,0,0,0,0,0,0,0,0,0,0,1,1,1,0,0,1
0,1,0,1,0,0,0,0,0,1,0,0,0,0,0,0,0,0,1,1,0,0,1
0,1,0,1,0,0,0,0,0,0,0,0,0,0,0,0,0,0,1,1,1,0,1
0,1,0,1,0,0,0,0,0,0,0,0,0,0,0,0,0,0,1,1,1,0,1
0,1,0,1,0,0,0,0,0,0,0,0,0,0,0,0,0,0,1,1,1,0,1
1,1,1,0,0,0,1,0,0,1,1,1,0,0,0,0,0,0,0,0,0,0,0
1,1,1,0,0,0,1,0,0,1,1,1,0,0,0,0,0,0,0,0,0,0,0
1,1,1,0,0,0,1,0,0,1,1,1,0,0,0,0,0,0,0,0,0,0,0
1,1,1,0,0,0,1,0,0,1,1,1,0,0,0,0,0,0,0,0,0,0,0
0,0,0,1,0,0,0,0,0,1,1,0,0,1,0,0,0,0,1,1,1,0,1
0,0,0,1,0,0,0,0,0,1,1,0,0,1,0,0,0,1,1,1,1,0,1
0,0,0,0,0,1,0,0,1,0,0,0,0,0,0,0,0,0,1,1,0,0,0
1,0,0,0,0,1,0,0,1,0,0,0,0,0,0,0,0,0,1,1,0,0,0
1,1,0,0,0,1,0,0,1,0,0,0,0,0,0,0,0,0,1,1,0,0,0
1,1,0,0,0,1,0,0,1,0,0,0,0,0,0,0,0,0,1,1,0,0,0
1,1,1,0,0,1,0,0,1,0,0,0,0,0,0,0,0,0,1,1,0,0,0
0,1,0,0,0,1,0,0,1,0,0,0,0,0,0,0,0,0,1,1,0,0,0
0,1,0,0,0,1,0,0,1,0,0,0,0,0,0,0,0,0,1,1,0,0,0
0,1,0,0,0,1,0,0,1,0,0,0,0,0,0,1,0,0,1,1,0,0,0
0,1,0,0,0,1,0,0,1,0,0,0,0,0,0,1,0,0,1,1,0,0,0
0,1,0,1,0,1,0,0,1,0,0,0,0,0,0,0,0,0,1,1,0,0,1
0,1,0,1,0,1,0,0,1,0,0,0,0,0,0,0,0,0,1,1,0,0,1
0,1,0,0,0,1,0,0,1,0,0,0,0,0,0,0,1,0,1,1,0,0,0
0,1,0,0,0,1,0,0,1,0,0,0,0,0,1,0,0,0,1,1,0,0,0
1,1,0,0,0,0,0,0,1,0,0,0,0,0,0,0,0,1,1,1,0,1,0
1,0,0,0,0,0,1,1,1,0,0,0,0,0,0,0,0,1,1,1,0,1,0
1,0,0,0,0,1,0,0,1,0,0,0,0,0,0,0,0,1,1,1,0,1,0
1,0,0,0,0,1,0,0,1,0,0,0,0,0,0,0,0,1,1,1,0,1,0
1,0,0,0,0,1,0,0,1,0,0,0,0,0,0,0,0,1,1,1,0,1,0
1,0,0,0,0,1,0,0,1,0,0,0,0,0,0,0,0,1,1,1,0,1,0
1,0,0,0,0,1,0,0,1,0,0,0,0,0,0,0,0,1,1,1,0,1,0
1,0,0,0,0,1,0,0,1,0,0,0,0,0,0,0,0,1,1,1,0,1,0
1,0,0,0,0,1,0,0,1,0,0,0,0,0,0,0,0,1,1,1,0,1,0
1,0,0,0,0,1,0,0,1,0,0,0,0,0,0,0,0,1,1,1,0,1,0
1,1,0,0,0,0,0,0,1,0,0,0,0,0,0,0,0,1,1,1,0,1,0
0,1,0,0,0,1,1,1,0,0,0,0,0,0,1,0,0,0,1,1,1,1,0
1,0,1,0,0,0,1,1,1,0,0,0,0,0,0,0,0,1,1,1,0,0,0
1,1,0,0,0,0,0,0,0,1,1,0,1,1,0,1,1,0,1,1,1,0,0
0,1,0,0,0,0,0,0,0,1,1,0,1,1,1,1,1,0,1,1,1,0,0
0,1,0,0,0,0,0,0,0,1,1,0,0,1,1,1,1,0,1,1,1,0,0
1,1,0,0,0,0,0,0,0,1,1,0,1,1,0,1,1,0,1,1,1,0,0
1,1,0,0,0,0,0,0,0,1,1,0,0,0,0,0,1,0,1,1,0,0,0
1,1,0,0,0,0,0,0,0,1,1,0,0,1,0,0,1,0,1,1,1,0,0
1,1,0,0,0,0,0,0,0,1,1,0,1,1,0,1,1,0,1,1,1,0,0
1,1,0,0,0,0,0,0,0,1,1,0,0,0,0,0,1,0,1,1,0,0,0
1,1,0,0,0,0,0,0,0,0,0,0,0,0,0,0,1,0,1,1,0,0,0
1,1,0,1,0,0,0,0,0,1,1,0,0,0,0,0,1,0,1,1,0,0,1
1,1,0,0,0,0,0,0,0,0,0,0,0,0,0,0,1,0,1,1,0,0,0
1,1,0,0,0,0,0,0,0,0,0,0,0,0,0,0,1,0,1,1,1,0,0
1,1,0,0,0,0,0,0,0,0,0,0,0,0,0,0,1,0,1,1,1,0,0
0,1,0,0,0,0,0,0,0,0,0,0,0,0,1,0,1,0,1,1,0,0,0
0,1,0,0,0,0,0,0,0,0,0,0,0,0,1,0,1,0,1,1,0,0,0
1,1,0,0,0,0,0,0,0,0,0,0,0,0,0,0,1,0,1,1,0,0,0
0,1,0,0,0,0,0,0,0,0,0,0,0,0,1,0,1,0,1,1,0,0,0
1,1,0,0,0,0,0,0,0,0,0,0,0,0,0,0,1,0,1,1,0,0,0
0,1,0,0,0,0,0,0,0,1,0,0,1,1,0,0,1,0,1,1,1,0,0
0,0,0,0,0,0,0,0,0,1,1,0,1,1,0,0,0,0,1,1,1,0,0
0,0,0,0,0,0,0,0,0,0,0,0,0,0,0,1,0,0,1,1,0,0,0
0,0,1,0,0,0,0,0,1,1,0,0,0,0,0,0,0,0,0,0,0,0,0
1,1,0,0,0,0,0,0,0,1,0,0,0,0,0,0,0,0,0,0,0,0,0
1,1,0,0,0,0,0,0,1,0,0,0,0,0,0,0,0,1,1,1,0,0,0
0,1,0,0,0,0,0,0,0,1,0,1,0,0,0,0,0,0,1,1,0,0,0
0,1,0,0,0,0,0,0,0,1,0,1,0,0,1,0,0,0,1,1,0,0,0
0,1,0,0,0,0,0,0,0,1,0,1,0,0,0,0,0,0,1,1,0,1,0
0,1,0,0,0,0,0,0,0,1,0,1,0,0,0,1,0,0,1,1,0,0,0
0,1,0,0,0,1,0,0,0,1,0,1,0,0,0,0,0,0,1,1,0,0,0
1,1,0,0,0,0,0,0,0,1,0,1,0,0,0,0,0,0,1,1,0,0,0
0,1,0,0,0,0,0,0,0,1,0,1,0,0,0,0,0,0,1,1,0,0,0
0,1,0,0,0,0,0,0,0,1,0,1,0,0,1,0,0,0,1,1,0,0,0
0,1,0,0,0,0,0,0,0,1,0,1,0,0,0,1,0,0,1,1,0,0,0
0,1,0,0,0,0,0,0,0,1,0,1,0,0,0,1,0,0,1,1,0,0,0
0,1,0,0,0,1,0,0,0,1,0,1,0,0,0,0,0,0,1,1,0,0,0
1,1,0,0,0,0,0,0,0,1,0,1,0,0,1,0,0,0,1,1,0,0,0
1,1,0,0,0,0,0,0,0,1,0,1,0,0,1,0,0,0,1,1,0,0,0
0,1,0,0,0,0,0,0,0,1,0,1,0,0,1,0,0,0,1,1,0,0,0
0,1,0,0,0,0,0,0,0,1,0,1,0,0,1,0,0,0,1,1,1,0,0
0,1,0,0,0,0,0,0,0,1,0,1,0,0,1,0,0,0,1,1,0,0,0
0,1,0,0,0,0,1,0,0,1,0,1,0,0,1,0,0,0,1,1,0,0,0
0,1,1,0,0,0,1,1,0,1,0,1,0,0,1,0,1,0,1,1,0,0,0
1,1,1,0,0,0,0,0,0,1,0,1,0,0,0,0,1,0,1,1,0,0,0
0,0,1,0,0,0,0,0,0,1,0,1,0,0,1,0,1,0,1,1,0,0,0
0,0,1,0,0,0,0,0,0,1,0,1,0,0,1,0,1,0,1,1,0,0,0
1,1,0,0,1,0,0,0,1,1,0,0,0,0,0,0,0,0,1,1,1,0,0
1,1,0,0,0,1,0,0,1,0,0,0,0,0,0,0,0,0,1,1,1,0,0
1,1,0,0,1,0,0,0,1,1,0,0,0,0,0,0,0,0,1,1,1,0,0
0,1,0,0,1,0,1,1,0,1,1,0,0,1,0,0,1,0,1,1,1,0,0
1,0,0,0,1,0,1,1,0,0,0,0,0,0,0,0,1,1,1,1,0,0,0
1,1,1,1,0,0,1,1,0,0,0,0,0,0,0,0,1,0,1,1,0,0,1
0,0,0,0,0,0,0,0,1,1,0,0,1,1,0,0,1,0,1,1,1,0,0
1,1,0,0,0,0,1,1,0,0,0,0,0,0,1,0,0,0,1,1,1,0,0
0,1,0,0,0,0,0,0,0,1,0,1,0,0,1,0,0,0,1,1,0,0,0
0,1,0,0,0,0,0,0,0,1,0,1,0,0,1,0,0,0,1,1,0,0,0
1,1,0,0,0,0,0,0,0,1,0,1,0,0,1,0,0,0,1,1,0,0,0
1,1,0,0,0,0,0,0,0,1,0,1,0,0,1,0,0,0,1,1,0,0,0
1,1,0,0,0,0,1,0,0,1,0,1,0,0,0,1,0,0,1,1,0,0,0
1,1,0,0,0,0,0,0,0,1,0,1,0,0,0,1,0,0,1,1,0,0,0
1,1,0,0,0,0,0,0,0,1,0,1,0,0,0,0,1,0,1,1,0,0,0
1,1,1,0,0,0,1,1,0,1,0,1,0,0,1,0,0,0,1,1,0,0,0
1,1,1,0,0,0,1,0,0,1,0,1,0,0,0,0,0,0,1,1,0,0,0
1,1,1,0,0,0,1,0,0,1,0,1,0,0,1,1,0,0,1,1,0,0,0
1,1,1,0,0,0,0,0,0,1,0,1,0,0,1,1,0,0,1,1,0,0,0
1,1,1,0,0,0,1,0,0,1,0,1,0,0,1,1,0,0,1,1,0,0,0
1,1,1,0,1,0,1,0,0,1,0,1,0,0,1,1,0,0,1,1,0,0,0
1,1,1,0,1,0,1,0,0,1,0,1,0,0,1,0,0,0,1,1,0,0,0
1,1,1,0,1,0,1,0,0,1,0,1,0,0,1,1,0,0,1,1,0,0,0
1,0,0,1,0,1,0,0,1,1,1,0,0,1,1,0,0,1,1,1,1,0,1
0,0,0,0,0,0,0,0,1,0,0,0,0,0,0,0,1,0,1,1,0,0,0
0,0,0,0,0,0,0,0,0,1,1,0,1,1,1,0,0,0,0,0,1,0,0
1,1,0,0,1,0,1,1,0,0,0,0,0,0,0,0,0,0,1,1,1,0,0
1,1,1,0,1,0,1,1,1,0,0,0,0,0,0,0,0,0,1,1,1,0,0
0,1,1,0,0,0,1,1,1,0,0,0,0,0,1,0,0,0,1,1,1,0,0
0,1,1,0,0,0,1,1,1,0,0,0,0,0,0,0,0,0,1,1,1,0,0
1,1,1,0,0,0,1,1,1,0,0,0,0,0,0,1,0,0,1,1,1,0,0
1,1,0,0,1,1,1,1,0,0,0,0,0,0,0,0,1,0,1,1,1,0,0
1,1,0,0,1,1,1,1,0,1,0,0,0,1,0,0,0,0,0,0,1,0,0
1,1,0,0,1,1,1,1,0,1,0,0,0,1,0,0,0,0,0,0,1,0,0
1,1,0,0,1,1,1,1,0,0,0,0,0,0,0,0,0,0,0,0,1,0,0
1,1,0,0,1,1,1,1,0,0,0,0,0,0,0,0,0,0,1,1,1,0,0
1,1,0,0,1,1,1,1,0,0,0,0,0,0,0,0,0,0,0,0,1,1,0
1,1,0,0,1,1,1,1,0,0,0,0,0,0,0,1,0,0,0,0,1,0,0
1,1,0,0,1,1,1,1,0,0,0,0,1,1,0,0,0,0,1,1,1,0,0
1,1,0,0,1,1,1,1,0,0,0,0,1,1,0,0,0,0,0,0,1,0,0
1,1,0,0,1,1,1,1,0,0,0,0,1,1,0,0,0,0,0,0,1,0,0
1,1,0,0,1,1,1,1,0,0,0,0,1,1,0,0,0,0,1,1,1,0,0
1,1,0,0,1,1,1,1,0,0,0,0,1,1,1,0,0,0,0,0,1,0,0
1,1,0,0,1,1,1,1,0,0,0,0,1,1,1,0,0,0,0,0,1,0,0
1,1,0,0,1,1,1,1,0,0,0,0,1,1,1,0,0,0,0,0,1,0,0
1,0,0,0,0,0,0,0,0,1,1,0,0,0,0,0,0,0,1,1,1,0,0
1,0,0,0,0,1,0,0,0,1,1,0,0,0,0,0,0,0,1,1,1,1,0
1,0,0,0,0,1,0,0,0,1,1,0,0,0,1,0,0,0,1,1,1,0,0
1,0,0,1,0,0,0,0,0,1,1,0,0,0,1,0,0,0,1,1,1,0,1
1,0,0,1,0,0,0,0,0,1,1,0,0,0,1,0,0,0,1,1,1,0,1
1,0,0,1,0,0,0,0,0,1,1,0,0,0,1,0,0,0,1,1,1,0,1
1,0,0,0,0,0,0,0,0,1,1,0,0,0,1,1,0,0,1,1,1,0,0
1,0,0,0,0,0,0,0,0,1,1,0,0,0,1,1,0,0,1,1,1,0,0
1,0,0,0,0,0,0,0,0,1,1,0,0,0,1,1,0,0,1,1,1,0,0
0,1,0,1,0,0,1,1,0,1,0,0,0,1,0,0,0,1,1,1,1,0,1
1,1,1,0,1,0,1,1,0,0,0,0,1,1,0,0,1,0,0,1,1,1,0
1,0,0,0,0,0,0,0,0,0,0,0,0,0,0,0,1,1,1,1,0,0,0
1,1,1,0,0,0,1,0,0,1,1,0,0,0,0,0,0,0,0,0,0,0,0
1,1,1,0,0,0,1,0,0,1,1,0,0,0,0,0,0,0,0,0,0,0,0
1,1,1,0,0,0,1,0,0,1,1,1,0,0,0,0,0,0,0,0,0,0,0
1,1,1,0,0,0,1,0,0,1,1,1,0,0,0,0,0,0,0,0,0,0,0
1,1,1,0,0,0,1,0,0,1,1,1,0,0,0,0,0,0,0,0,0,0,0
1,1,1,0,0,0,1,0,0,1,1,1,0,0,0,0,0,0,0,0,0,0,0
1,1,1,0,0,0,1,0,0,1,1,1,0,0,0,0,0,0,0,0,0,0,0
1,1,1,0,0,0,1,0,0,1,1,1,0,0,0,0,0,0,0,0,0,0,0
1,1,1,0,0,0,1,0,0,1,1,1,0,0,0,0,0,0,0,0,0,0,0
1,1,1,0,0,0,1,0,0,1,1,1,0,0,0,0,0,0,0,0,0,0,0
1,1,1,0,0,0,1,0,0,1,1,1,0,0,0,0,0,0,0,0,0,0,0
1,1,1,0,0,0,1,0,0,1,1,1,0,0,0,0,0,0,0,0,0,0,0
1,1,1,0,0,0,1,0,0,1,0,1,0,0,0,0,0,0,0,0,0,0,0
1,1,1,0,0,0,1,0,0,1,0,1,0,0,0,0,0,0,0,0,0,0,0
1,1,1,0,0,0,1,0,0,1,0,1,0,0,0,0,0,0,0,0,0,0,0
1,1,1,0,0,0,1,0,0,1,0,1,0,0,0,0,0,0,0,0,0,0,0
1,1,1,0,0,0,1,0,0,1,0,1,0,0,0,0,0,0,0,0,0,0,0
1,1,1,0,0,0,1,0,0,1,0,1,0,0,0,0,0,0,0,0,0,0,0
1,1,1,0,0,0,1,0,0,1,0,1,0,0,0,0,0,0,0,0,0,0,0
1,1,1,0,0,0,1,0,0,1,0,1,0,0,0,0,0,0,0,0,0,0,0
1,1,1,0,0,0,0,0,0,0,0,0,1,1,0,0,0,0,0,0,1,0,0
1,1,1,0,0,0,0,0,0,0,0,0,1,1,0,0,0,0,0,0,1,0,0
1,1,0,0,1,0,1,1,0,0,0,0,1,1,0,0,1,0,0,1,1,1,0
0,0,0,0,0,0,0,0,1,0,0,0,0,0,1,1,0,0,1,1,1,0,0
1,0,0,0,0,0,0,0,0,1,1,0,0,0,1,1,0,1,1,1,1,0,0
0,0,0,0,0,0,0,0,1,0,0,0,0,0,1,1,0,1,1,1,1,0,0
1,0,0,0,0,0,0,0,0,1,1,0,0,0,1,1,0,1,1,1,1,0,0
0,0,0,0,0,0,0,0,1,0,0,0,0,0,1,1,0,1,1,1,1,0,0
1,0,0,0,0,0,0,0,0,1,1,0,0,0,1,1,1,0,1,1,1,0,0
0,0,0,0,0,0,0,0,1,0,0,0,0,0,1,1,1,0,1,1,1,0,0
0,0,0,0,0,0,0,0,1,0,0,0,0,0,1,1,0,0,1,1,1,0,0
0,1,0,1,0,0,0,0,0,1,0,0,0,0,0,0,0,0,1,1,0,0,1
0,1,1,0,0,0,0,0,0,1,1,0,0,1,0,0,0,0,1,1,1,0,0
0,1,1,0,0,0,0,0,0,1,1,0,0,1,0,0,0,0,1,1,1,0,0
0,1,1,0,0,0,0,0,0,1,1,0,0,1,1,0,0,0,1,1,1,1,0
0,1,1,0,0,0,0,0,0,1,1,0,0,1,1,1,0,0,1,1,1,0,0
0,1,1,0,0,0,0,0,0,1,1,0,0,1,1,0,0,0,0,0,1,0,0
0,1,1,0,0,0,0,0,0,1,1,0,0,1,1,0,0,0,0,0,1,0,0
0,1,1,0,0,1,0,0,0,1,1,0,1,1,1,0,0,0,1,1,1,0,0
0,1,1,0,0,0,0,0,0,1,1,0,0,1,1,1,0,0,1,1,1,0,0
0,0,1,0,0,0,0,0,0,1,1,0,0,1,1,0,0,0,1,1,1,0,0
0,0,1,0,0,0,0,0,0,1,1,0,0,1,1,0,0,0,1,1,1,0,0
0,1,1,0,0,0,1,1,0,1,1,0,0,1,1,0,0,0,1,1,1,0,0
0,0,1,0,0,0,1,1,0,1,1,0,0,1,1,0,0,0,1,1,1,0,0
1,0,0,0,0,1,1,1,0,0,0,0,0,0,1,0,0,0,1,1,0,0,0
1,1,0,0,0,0,0,0,0,0,0,0,1,1,0,0,0,0,0,0,1,0,0
1,1,0,0,0,0,0,0,0,0,0,0,1,1,0,0,0,0,0,0,1,0,0
1,0,0,0,0,0,0,0,0,1,1,0,0,0,0,0,0,1,1,1,0,0,0
1,1,1,0,0,0,0,0,0,1,1,0,0,0,0,0,0,0,0,0,0,0,0
1,1,1,0,0,0,0,0,0,1,1,0,0,1,0,0,0,0,0,0,1,0,0
1,1,1,0,0,0,0,0,0,1,1,0,0,0,0,0,0,0,0,0,0,0,0
1,1,0,0,0,0,1,1,0,1,0,1,1,1,1,0,0,0,0,1,1,0,0
1,0,0,0,1,1,1,1,0,0,0,0,0,0,0,0,0,1,1,1,1,0,0
0,0,0,1,0,0,1,1,0,1,0,0,1,1,0,0,0,1,1,1,1,0,1
0,1,0,1,0,0,1,1,0,1,0,0,1,1,0,0,0,1,1,1,1,0,1
1,1,0,0,0,0,1,1,0,1,0,1,0,1,0,1,1,0,0,1,1,0,0
1,0,0,0,0,0,0,0,0,1,0,0,0,1,0,0,0,0,0,0,1,0,0
1,1,0,0,0,0,0,0,0,1,1,0,0,1,0,0,0,0,0,0,1,0,0
0,0,0,0,0,1,0,0,0,1,1,0,1,1,0,0,0,0,1,1,1,0,0
1,0,0,0,1,1,1,1,1,1,1,0,0,1,0,0,0,1,1,1,1,0,0
1,1,0,0,0,0,0,0,1,1,0,1,1,1,0,0,0,1,1,1,1,0,0
1,0,0,0,0,0,1,1,0,0,0,0,0,0,1,0,1,0,1,1,0,0,0
1,0,0,1,0,0,1,1,0,0,0,0,0,0,1,0,1,0,1,1,0,0,1
0,1,1,0,0,0,0,0,0,0,0,0,0,0,0,0,0,0,1,1,0,0,0
0,0,0,0,0,0,1,0,0,1,1,0,0,1,1,0,0,0,0,1,1,0,0
1,1,0,0,0,0,1,1,0,1,1,0,0,1,0,0,1,0,1,1,1,0,0
1,1,0,1,1,0,1,1,0,0,0,0,0,0,0,0,1,0,1,1,0,0,1
1,1,0,0,0,0,1,1,0,0,0,0,0,0,0,0,1,0,1,1,0,0,0
1,1,0,0,0,0,1,1,0,0,0,0,0,0,0,0,1,0,1,1,0,0,0
1,1,0,1,0,0,1,1,0,0,0,0,0,1,0,0,1,0,1,1,1,0,1
1,0,0,0,0,1,0,0,0,1,1,0,1,1,0,0,0,0,1,1,1,0,0
1,0,0,0,0,1,0,0,0,1,1,0,1,1,0,1,0,0,1,1,1,0,0
0,1,0,0,0,0,0,0,0,1,0,0,1,1,0,0,0,0,0,0,1,0,0
0,1,0,0,0,0,0,0,0,0,0,0,0,0,0,0,0,0,1,1,0,0,0
0,1,0,0,0,0,0,0,0,0,0,0,0,0,0,0,0,0,1,1,0,0,0
0,1,0,0,0,0,0,0,0,0,0,0,0,0,0,0,0,0,1,1,0,0,0
0,1,0,0,0,0,0,0,0,0,0,0,0,0,0,0,0,0,1,1,0,0,0
0,1,0,0,0,0,0,0,0,0,0,0,0,0,0,0,0,0,1,1,0,0,0
0,1,0,0,0,0,0,0,0,0,0,0,0,0,0,0,0,1,1,1,0,0,0
0,1,0,0,0,0,0,0,0,1,0,0,0,1,0,0,0,1,1,1,1,0,0
0,1,0,0,0,0,0,0,0,0,0,0,0,0,0,0,0,1,1,1,0,0,0
0,1,0,0,0,0,0,0,0,0,0,0,0,0,0,0,0,1,1,1,0,0,0
0,1,0,0,0,0,0,0,0,0,0,0,0,0,0,0,0,1,1,1,0,0,0
0,1,0,0,0,0,0,0,0,0,0,0,0,0,0,0,0,1,1,1,0,0,0
0,1,0,0,0,0,0,0,0,0,0,0,0,0,0,0,0,0,1,1,0,0,0
0,1,0,0,0,1,0,0,0,1,0,0,0,0,0,0,0,0,1,1,0,0,0
0,0,0,0,0,0,0,0,0,0,0,0,0,0,0,0,0,1,1,1,0,0,0
1,0,0,0,0,0,0,0,0,0,0,0,0,0,0,0,0,1,1,1,0,0,0
0,0,0,0,0,0,0,0,0,0,0,0,0,0,1,0,0,1,1,1,0,0,0
1,0,0,0,0,1,0,0,0,0,0,0,0,0,0,0,0,1,1,1,0,0,0
0,0,0,0,0,1,0,0,0,0,0,0,0,0,0,0,0,1,1,1,0,0,0
0,0,0,0,0,0,0,0,0,0,0,0,0,0,0,0,0,1,1,1,0,0,0
0,0,0,0,0,0,0,0,0,0,0,0,0,0,0,0,0,1,1,1,0,0,0
0,0,0,0,0,0,0,0,0,0,0,0,0,0,1,0,0,1,1,1,0,0,0
0,0,0,0,0,1,0,0,0,0,0,0,0,0,0,0,0,1,1,1,0,0,0
0,0,0,1,0,0,0,0,0,1,1,0,0,1,1,0,0,0,1,1,1,0,1
1,0,0,0,0,0,1,1,0,1,1,0,1,1,0,1,1,0,0,1,1,0,0
0,0,0,0,0,1,0,0,0,0,0,0,0,1,0,0,0,0,0,0,1,0,0
1,0,0,0,0,0,0,0,0,0,0,0,0,0,0,0,0,1,1,1,0,0,0
0,0,0,0,0,0,0,0,1,0,0,0,0,0,0,0,0,1,1,1,0,0,0
1,0,0,0,0,0,0,0,1,1,1,0,0,1,0,0,0,1,1,1,1,0,0
0,0,0,0,0,0,0,0,1,1,1,0,0,1,0,1,0,1,1,1,1,0,0
0,0,0,0,0,0,0,0,1,0,0,0,0,0,0,0,0,1,1,1,0,0,0
0,1,0,0,0,0,0,0,1,1,1,0,0,0,0,0,0,1,1,1,0,0,0
0,0,0,0,0,0,0,0,1,0,0,0,0,0,0,0,0,1,1,1,0,0,0
0,1,1,0,0,0,0,0,1,1,1,0,0,0,0,0,0,1,1,1,0,0,0
1,0,0,0,0,0,0,0,1,1,1,0,0,1,0,1,0,1,1,1,1,0,0
1,0,0,0,0,0,0,0,0,0,0,0,0,0,0,0,0,1,1,1,0,0,0
1,1,1,0,1,0,1,0,0,1,0,1,0,0,1,1,0,0,1,1,0,0,0
1,1,1,1,0,0,1,0,0,1,0,1,0,0,0,1,0,0,1,1,0,0,1
1,1,1,1,0,0,1,0,0,1,0,1,0,0,0,1,0,0,1,1,0,0,1
1,1,1,1,0,0,1,0,0,1,0,1,0,0,0,1,0,0,1,1,0,0,1
1,1,1,0,0,0,1,0,0,1,0,1,0,0,1,1,0,0,1,1,0,0,0
1,1,1,1,0,0,0,0,0,1,0,1,0,0,0,0,0,0,1,1,0,0,1
1,1,1,0,1,0,0,0,0,1,0,1,0,0,1,0,0,0,1,1,0,0,0
1,1,1,0,1,0,1,0,0,1,0,1,0,0,1,0,0,0,1,1,0,0,0
1,1,1,0,1,0,1,0,0,1,0,1,0,0,1,0,0,0,1,1,0,0,0
1,1,1,0,1,0,1,0,0,1,0,1,0,0,1,0,0,0,1,1,0,0,0
1,1,1,0,0,0,1,1,0,1,0,1,0,0,1,0,0,0,1,1,0,0,0
1,1,1,1,0,0,1,1,0,1,0,1,0,0,1,0,0,0,1,1,0,0,0
1,1,1,0,1,0,1,0,0,1,0,1,0,0,1,0,0,0,1,1,0,0,0
1,1,1,1,0,0,0,0,0,1,0,1,0,0,1,0,0,0,1,1,0,0,1
1,1,1,1,0,0,0,0,0,1,0,1,0,0,1,0,0,0,1,1,0,0,0
1,1,1,1,0,0,0,0,0,1,0,1,0,0,1,0,0,0,1,1,0,0,0
1,1,1,1,0,0,0,0,0,1,0,1,0,0,1,0,0,0,1,1,0,0,0
1,1,1,1,0,0,0,0,0,1,0,1,0,0,1,0,0,0,1,1,0,0,0
0,1,0,0,1,0,1,1,0,1,1,0,1,0,1,0,0,0,1,1,1,0,0
0,1,0,0,0,0,1,1,0,1,1,0,1,0,1,0,0,0,1,1,1,0,0
0,1,0,0,0,0,1,1,0,1,1,0,1,0,1,0,0,0,1,1,1,0,0
0,1,0,0,0,1,1,1,0,1,1,0,1,0,0,0,0,0,1,1,1,0,0
0,1,0,1,1,0,1,0,0,1,0,1,0,0,0,0,0,1,1,1,0,0,0
0,1,0,0,0,0,0,0,0,1,1,0,0,0,1,0,1,0,1,1,0,0,0
0,1,0,0,0,0,0,0,0,1,1,0,0,0,1,0,1,0,1,1,0,0,0
0,1,0,0,0,0,0,0,0,1,1,0,0,0,1,0,1,0,1,1,0,0,0
0,1,0,0,0,0,0,0,0,1,1,0,0,0,1,0,1,0,1,1,0,0,0
0,1,0,0,0,0,0,0,0,1,1,0,0,0,1,0,1,0,1,1,0,0,0
0,1,0,0,0,0,0,0,0,1,1,0,0,0,1,0,1,0,1,1,0,0,0
0,1,0,0,0,0,0,0,0,1,1,0,0,0,1,0,1,0,1,1,0,0,0
0,1,0,0,0,0,0,0,0,1,1,0,0,0,1,0,1,0,1,1,0,0,0
1,1,0,0,0,0,0,0,0,1,1,0,0,0,1,0,1,0,1,1,0,0,0
0,1,0,0,0,0,0,0,0,1,1,0,0,0,1,0,1,0,1,1,0,0,0
0,1,0,0,0,0,1,1,0,1,1,0,0,0,1,0,1,0,1,1,0,0,0
0,1,0,0,0,0,1,1,0,1,1,0,0,0,1,0,1,0,1,1,0,0,0
0,1,0,0,0,0,1,1,0,1,1,0,0,0,1,0,1,0,1,1,0,0,0
0,1,0,0,0,0,1,1,0,1,1,0,0,0,1,0,1,0,1,1,0,0,0
0,1,0,0,1,0,1,1,0,1,1,0,0,0,1,0,1,0,1,1,0,0,0
0,1,0,0,0,0,1,1,0,1,1,0,0,0,1,0,1,0,1,1,0,0,0
0,1,0,0,0,0,1,1,0,1,1,0,0,0,1,0,1,0,1,1,0,0,0
0,1,0,0,0,0,1,1,0,1,1,0,0,0,1,0,1,0,1,1,0,0,0
1,1,0,0,0,0,0,0,0,1,1,0,0,0,0,0,1,0,1,1,1,0,0
1,1,0,0,0,0,0,0,0,1,1,0,0,0,0,1,1,0,1,1,0,0,0
1,1,0,0,0,0,0,0,0,1,1,0,0,0,0,0,1,0,1,1,0,0,0
0,1,0,0,0,0,0,0,0,1,1,0,0,0,1,0,1,0,1,1,0,0,0
0,1,0,0,0,0,0,0,0,1,1,0,0,0,1,0,1,0,1,1,0,0,0
1,1,0,0,0,0,0,0,0,1,1,0,0,0,1,0,1,0,1,1,0,0,0
1,1,0,0,0,0,0,0,0,1,1,0,0,0,1,0,1,0,1,1,0,0,0
0,1,0,0,0,0,0,0,0,1,1,0,0,0,1,0,1,0,1,1,0,0,0
1,1,0,0,0,0,0,0,0,1,1,0,0,0,1,0,1,0,1,1,0,0,0
0,1,1,0,0,0,1,1,0,0,0,0,0,1,0,0,0,0,1,1,1,0,0
0,1,1,0,0,0,1,1,0,0,0,0,0,1,0,0,0,0,1,1,1,0,0
0,0,0,0,0,0,0,0,0,0,0,0,0,1,0,1,0,0,0,0,1,0,0
1,1,0,0,0,0,0,0,0,0,0,0,0,0,0,0,0,1,1,1,1,0,0
1,1,0,0,0,0,0,0,0,0,0,0,0,0,0,0,1,0,1,1,1,0,0
1,1,0,0,1,0,0,0,1,1,0,0,0,0,0,0,0,0,1,1,1,0,0
1,1,0,0,1,0,0,0,1,1,0,0,0,1,0,0,1,0,1,1,1,0,0
1,1,0,0,1,1,0,0,1,1,0,0,0,1,0,1,0,0,1,1,1,0,0
1,1,0,0,1,1,0,0,1,1,0,0,0,1,0,0,0,0,1,1,1,0,0
1,1,0,0,1,0,0,0,1,1,0,0,0,0,0,0,0,1,1,1,1,0,0
1,1,0,0,1,0,0,0,1,1,0,0,0,1,0,0,1,0,1,1,1,0,0
1,1,0,0,1,1,0,0,1,1,0,0,0,1,0,0,0,0,1,1,1,0,0
1,1,0,0,1,1,0,0,1,1,0,0,0,1,0,1,0,0,1,1,1,0,0
1,1,0,0,1,1,0,0,1,1,0,0,0,1,0,0,0,0,1,1,1,0,0
1,1,0,0,0,0,0,0,1,0,0,0,0,1,0,0,0,0,1,1,1,0,0
1,1,0,0,0,0,0,0,1,1,0,0,0,0,0,0,0,1,1,1,1,0,0
1,1,0,0,0,0,0,0,1,0,0,0,0,1,0,0,1,0,1,1,1,0,0
1,1,0,0,0,0,0,0,1,1,0,0,0,0,0,0,0,0,1,1,1,0,0
1,1,0,0,0,0,0,0,1,0,0,0,0,1,0,0,0,1,1,1,1,0,0
1,1,0,0,0,0,0,0,1,0,0,0,0,1,0,0,1,0,1,1,1,0,0
1,1,0,0,0,1,0,0,1,0,0,0,0,1,0,0,0,0,1,1,1,0,0
1,1,0,0,0,1,0,0,1,1,0,0,0,0,0,0,0,0,1,1,1,0,0
0,1,0,0,0,0,0,0,0,1,0,0,1,0,1,0,0,1,1,1,1,0,0
0,1,0,0,0,0,1,0,0,1,0,0,0,1,1,0,0,0,1,1,1,0,0
0,0,0,0,0,0,0,0,0,0,0,0,0,1,0,0,0,0,0,0,1,0,0
0,0,0,0,0,0,0,0,0,0,0,0,0,1,0,0,0,0,0,0,1,0,0
0,0,0,0,1,0,0,0,0,0,0,0,0,1,0,0,0,0,0,0,1,0,0
1,0,0,0,0,0,0,0,0,1,0,0,1,1,0,0,0,0,0,0,1,0,0
1,0,0,0,1,0,0,0,0,1,0,0,1,1,0,0,0,0,0,0,1,0,0
0,0,0,0,0,0,0,0,0,0,0,0,0,0,1,0,1,0,1,1,0,0,0
0,0,0,0,0,0,0,0,0,0,0,0,0,0,1,0,1,0,1,1,0,0,0
0,0,0,0,0,0,0,0,0,0,0,0,0,0,1,0,1,0,1,1,0,0,0
1,0,0,0,0,0,0,0,0,0,0,0,0,0,1,0,0,0,1,1,0,0,0
1,0,0,0,0,0,0,0,0,0,0,0,0,0,1,0,0,0,1,1,0,0,0
0,1,0,0,0,0,1,1,0,0,0,0,0,0,0,0,0,0,0,1,0,0,0
0,1,0,0,0,0,0,0,1,1,0,1,0,0,0,0,0,0,1,1,0,0,0
0,0,0,0,0,0,0,0,0,0,0,0,0,0,0,0,1,0,1,1,0,0,0
0,1,1,0,0,0,1,1,0,1,1,0,0,1,1,0,0,1,0,1,1,0,0
0,0,0,0,0,0,0,0,0,0,0,0,1,1,0,0,0,0,0,0,1,0,0
1,1,0,0,0,0,0,0,0,0,0,0,0,0,0,0,0,0,0,0,1,0,0
1,1,0,0,0,0,0,0,0,0,0,0,0,0,0,0,0,0,0,0,0,0,0
1,1,1,0,1,0,1,0,0,1,1,1,0,0,0,0,0,0,0,0,0,0,0
0,1,0,0,0,0,0,0,1,0,0,0,0,0,0,1,0,1,1,1,0,0,0
0,0,0,0,0,0,1,0,0,0,0,0,0,0,1,0,0,1,1,1,0,0,0
0,0,0,0,0,1,0,0,0,1,0,0,0,0,0,0,1,0,0,1,1,0,0
0,0,0,0,0,1,1,1,0,1,1,0,0,1,1,1,0,0,1,1,1,0,0
1,1,1,0,0,0,1,1,0,1,1,1,0,1,1,0,0,0,0,0,1,0,0
1,0,0,1,0,0,1,1,1,1,1,0,0,1,0,0,0,1,1,1,1,1,1
0,1,0,1,0,0,0,0,0,1,0,0,1,1,0,0,1,0,1,1,1,1,0
0,1,0,1,0,0,1,1,0,1,0,0,0,1,0,1,0,0,0,0,1,0,0
1,1,0,0,0,0,1,0,0,1,1,0,0,0,0,0,1,0,1,1,0,0,0
1,1,0,0,0,0,1,1,0,1,1,0,0,1,0,0,1,0,1,1,1,0,0
1,0,0,1,0,0,0,0,0,1,0,0,0,1,0,0,0,0,0,0,1,0,1
1,1,0,0,0,0,1,0,0,1,1,0,0,1,0,0,0,1,1,1,1,0,0
1,1,0,0,0,0,0,0,0,0,0,0,0,0,0,1,0,1,1,1,0,0,0
1,1,0,0,0,0,0,0,0,1,0,0,0,1,0,0,0,1,1,1,1,0,0
0,1,1,0,0,0,0,0,0,0,0,0,0,0,0,0,0,1,1,1,0,0,0
1,1,0,0,0,0,0,0,0,1,0,0,0,1,0,0,0,1,1,1,1,0,0
0,1,1,0,0,0,0,0,0,0,0,0,0,0,0,1,0,1,1,1,0,0,0
1,0,0,0,0,0,0,0,0,1,0,0,0,1,0,0,0,0,0,0,1,0,0
0,1,0,0,0,0,0,0,0,1,0,0,0,0,0,0,0,0,1,1,1,0,0
1,1,0,0,0,0,0,0,0,0,0,0,0,0,0,1,0,1,1,1,0,0,0
1,1,0,0,0,0,0,0,0,1,0,0,0,0,0,0,0,0,1,1,1,0,0
1,1,0,0,0,0,1,0,0,1,1,0,0,1,0,0,0,1,1,1,1,0,0
1,1,1,0,0,1,0,0,0,0,0,0,0,0,0,0,0,1,1,1,0,0,0
0,1,1,0,0,0,0,0,0,0,0,0,0,0,1,0,0,1,1,1,0,0,0
1,1,0,0,0,0,0,0,0,0,0,0,0,0,0,0,0,1,1,1,0,0,0
1,1,0,0,0,0,0,0,0,1,0,0,0,1,0,0,0,1,1,1,1,0,0
0,1,1,0,0,1,0,0,0,0,0,0,0,0,0,0,0,1,1,1,0,0,0
1,1,0,0,0,1,0,0,0,0,0,0,0,0,0,0,0,1,1,1,0,0,0
1,1,0,0,0,0,0,0,0,0,0,0,0,0,0,0,0,1,1,1,0,0,0
0,1,1,0,0,1,0,0,0,0,0,0,0,0,0,0,0,1,1,1,0,0,0
1,1,0,0,0,0,1,0,0,1,0,0,0,1,0,0,0,1,1,1,1,0,0
1,1,0,0,0,0,0,0,0,1,1,0,0,1,0,0,0,1,1,1,1,0,0
0,1,0,0,0,0,0,0,0,0,0,0,0,0,0,0,0,1,1,1,0,0,0
1,1,0,0,0,0,0,0,0,0,0,0,0,0,0,0,0,1,1,1,0,0,0
1,1,0,0,0,0,0,0,0,0,0,0,0,0,0,0,0,1,1,1,0,1,0
0,1,1,0,0,0,0,0,0,0,0,0,0,0,0,0,0,1,1,1,0,0,0
1,1,0,0,0,0,0,0,0,1,1,0,0,1,0,0,0,1,1,1,1,0,0
1,1,0,0,0,0,0,0,0,0,0,0,0,0,0,0,0,1,1,1,0,1,0
1,0,0,1,0,0,0,0,0,1,0,0,0,1,0,0,0,0,0,0,1,0,1
0,1,1,0,0,0,0,0,0,0,0,0,0,0,0,1,0,1,1,1,0,0,0
1,1,0,0,0,0,0,0,0,0,0,0,0,0,0,0,0,1,1,1,0,0,0
0,1,1,0,0,0,0,0,0,0,0,0,0,0,0,1,0,1,1,1,0,0,0
0,1,0,0,0,0,0,0,0,0,0,0,0,0,0,1,0,1,1,1,0,0,0
1,1,0,0,0,0,0,0,0,0,0,0,0,0,0,1,0,1,1,1,0,0,0
1,0,0,0,0,0,0,0,0,1,0,0,0,1,1,0,0,0,0,0,1,0,0
0,1,1,1,0,0,0,0,0,0,0,0,0,0,0,0,0,1,1,1,0,0,0
1,1,0,0,0,0,1,0,0,1,0,0,0,1,0,0,0,1,1,1,1,0,0
0,1,0,0,0,0,0,0,0,0,0,0,0,0,0,0,0,1,1,1,0,0,0
1,1,0,0,0,0,0,0,0,0,0,0,0,0,0,1,0,1,1,1,0,0,0
1,1,0,0,0,0,0,0,0,0,0,0,0,0,0,0,0,1,1,1,0,0,0
1,1,0,0,0,0,0,0,0,0,0,0,0,0,0,0,0,1,1,1,0,0,0
1,1,0,0,0,0,0,0,0,0,0,0,0,0,0,0,0,1,1,1,0,0,0
0,1,1,0,0,0,0,0,0,0,0,0,0,0,0,0,0,1,1,1,0,0,0
1,1,0,0,0,0,1,0,0,1,1,0,0,1,0,0,0,1,1,1,1,0,0
1,0,0,0,0,0,0,0,0,1,0,0,0,1,0,0,0,0,0,0,1,0,0
1,1,0,0,0,0,0,0,0,0,0,0,0,0,0,0,0,1,1,1,0,0,0
1,1,0,0,0,1,0,0,0,0,0,0,0,0,0,0,0,1,1,1,0,0,0
0,1,1,0,0,1,0,0,0,0,0,0,0,0,0,0,0,1,1,1,0,0,0
0,1,0,0,0,0,0,0,0,0,0,0,0,0,0,0,0,1,1,1,0,0,0
0,1,1,0,0,0,0,0,0,0,0,0,0,0,0,0,0,1,1,1,0,0,0
0,1,1,0,0,1,0,0,0,0,0,0,0,0,0,0,0,1,1,1,0,0,0
0,1,1,0,0,0,0,0,0,0,0,0,0,0,0,0,0,1,1,1,0,0,0
0,1,0,0,0,0,0,0,0,0,0,0,0,0,0,0,0,1,1,1,0,0,0
1,1,0,0,0,0,0,0,0,0,0,0,0,0,0,1,0,1,1,1,0,0,0
1,1,0,0,0,0,0,0,0,0,0,0,0,0,0,0,0,1,1,1,0,0,0
1,1,1,0,0,0,0,0,0,0,0,0,0,0,0,0,0,1,1,1,0,0,0
0,1,0,0,0,0,0,0,0,0,0,0,0,0,0,0,0,0,1,1,1,0,0
0,1,0,0,0,0,0,0,0,1,1,0,0,0,0,0,0,0,1,1,1,0,0
0,1,1,0,0,0,0,0,0,0,0,0,0,0,0,1,0,1,1,1,0,0,0
1,0,0,0,0,0,0,0,0,1,0,0,0,1,0,0,0,0,0,0,1,0,0
0,1,1,0,0,0,0,0,0,0,0,0,0,0,0,0,0,1,1,1,0,0,0
0,1,0,0,0,0,0,0,0,0,0,0,0,0,0,0,0,1,1,1,0,0,0
0,0,0,0,0,0,0,0,0,1,0,0,0,1,1,0,0,0,0,0,1,0,0
1,1,0,1,0,0,0,0,0,0,0,0,0,0,0,0,0,1,1,1,0,0,0
0,1,0,1,0,0,0,0,0,1,0,0,0,0,0,0,0,0,1,1,1,0,0
0,0,1,0,0,1,1,1,0,1,0,0,0,0,1,0,0,0,0,0,0,0,0
0,0,0,0,0,0,0,0,1,1,0,0,0,0,0,0,0,0,1,1,1,0,0
1,1,0,0,1,1,1,1,1,1,0,1,0,0,0,1,0,1,1,1,0,0,0
0,1,0,0,1,0,1,1,0,1,1,0,1,1,0,1,1,0,1,1,1,0,0
0,1,0,0,0,0,0,0,0,1,1,0,1,1,1,0,0,1,1,1,1,0,0
0,1,0,0,0,0,0,0,0,1,1,0,0,1,1,0,0,1,1,1,1,0,0
0,1,0,0,0,0,0,0,0,1,1,0,0,1,1,0,0,1,1,1,1,0,0
0,1,0,0,0,0,0,0,0,1,1,0,0,1,1,0,0,1,1,1,1,0,0
0,1,0,0,0,0,0,0,0,1,1,0,0,1,0,1,0,1,1,1,1,0,0
0,1,0,0,0,0,0,0,0,1,1,0,0,1,0,1,0,1,1,1,1,0,0
1,1,0,0,0,0,0,0,0,1,0,0,0,0,0,0,0,0,0,0,0,0,0
1,1,0,0,0,0,0,0,0,1,0,0,0,0,0,0,0,0,1,1,0,0,0
0,1,0,1,0,0,0,0,0,1,1,0,0,1,1,0,0,1,1,1,1,0,1
0,1,0,1,0,0,0,0,0,1,1,0,0,1,1,0,0,1,1,1,1,0,1
1,1,0,1,0,0,0,0,0,1,1,0,0,1,1,0,0,1,1,1,1,0,1
0,1,0,1,0,0,0,0,0,1,1,0,0,1,1,0,0,1,1,1,1,0,1
1,1,0,0,0,0,0,0,0,1,1,0,0,1,1,1,0,1,1,1,1,0,0
0,1,0,1,0,0,0,0,0,1,1,0,0,1,1,0,0,1,1,1,1,0,1
0,1,0,0,0,1,0,0,0,1,1,0,0,1,1,1,0,1,1,1,1,0,0
1,1,0,0,0,0,0,0,0,1,1,0,0,1,1,1,0,1,1,1,1,0,0
1,1,0,0,0,0,0,0,0,1,1,0,0,1,1,1,0,1,1,1,1,0,0
1,1,0,0,0,0,0,0,0,1,1,0,0,1,1,1,0,1,1,1,1,0,0
1,1,0,0,0,0,0,0,0,1,1,0,0,1,1,1,0,1,1,1,1,0,0
1,0,0,0,0,0,0,0,0,0,0,0,0,0,0,0,0,1,1,1,0,0,0
0,0,0,0,0,0,0,0,0,0,0,0,0,0,0,0,0,1,1,1,0,0,0
0,0,0,0,0,0,0,0,1,0,0,0,0,0,0,0,0,1,1,1,0,0,0
0,0,0,0,0,0,1,0,0,0,0,0,0,0,0,0,0,1,1,1,0,0,0
0,0,0,0,0,0,0,0,0,0,0,0,0,0,0,1,0,1,1,1,0,0,0
0,0,0,0,0,0,0,0,0,0,0,0,0,0,0,1,0,1,1,1,0,0,0
0,0,0,0,0,0,0,0,0,0,0,0,0,0,0,0,0,1,1,1,0,0,0
0,1,0,0,0,0,1,1,0,0,0,0,0,0,0,0,0,1,1,1,1,0,0
0,1,0,0,0,0,0,0,0,1,0,1,0,1,0,0,0,1,1,1,1,0,0
0,0,0,0,0,0,0,0,0,1,1,0,0,1,0,0,0,1,1,1,1,0,0
1,1,0,0,0,0,0,0,0,1,1,0,0,0,0,0,0,1,1,1,0,0,0
1,1,1,0,0,0,0,0,0,1,1,0,0,0,0,0,0,1,1,1,0,0,0
0,0,0,0,0,0,0,0,0,1,1,0,0,1,0,0,0,1,1,1,1,0,0
0,1,0,0,0,0,0,0,0,1,1,0,0,0,0,0,0,1,1,1,0,0,0
1,1,0,0,0,0,0,0,0,1,1,0,0,0,0,0,0,1,1,1,0,0,0
0,0,0,0,0,0,0,0,0,1,1,0,0,1,0,0,0,1,1,1,1,1,0
0,0,0,0,0,0,0,0,0,1,1,0,1,1,0,0,0,1,1,1,1,0,0
0,0,0,0,0,1,0,0,0,1,1,0,1,1,0,0,0,1,1,1,1,0,0
0,0,0,0,0,0,0,0,0,1,1,0,0,1,0,0,0,1,1,1,1,0,0
1,0,0,0,0,0,0,0,0,1,1,0,0,0,0,0,0,1,1,1,0,0,0
0,0,0,0,0,0,0,0,0,1,1,0,0,1,0,0,0,1,1,1,1,0,0
0,1,0,0,0,0,0,0,0,1,1,0,0,0,0,0,0,1,1,1,0,0,0
0,0,0,0,0,0,0,0,0,1,1,0,0,1,0,0,0,1,1,1,1,0,0
0,0,0,0,0,0,0,0,0,1,1,0,1,1,0,1,0,1,1,1,1,0,0
0,1,1,0,0,0,0,0,0,1,1,0,0,0,0,0,0,1,1,1,0,0,0
0,0,0,0,0,0,0,0,0,1,1,0,0,1,0,0,0,1,1,1,1,0,0
0,0,0,0,0,0,0,0,0,1,1,0,0,1,0,0,0,1,1,1,1,0,0
0,0,0,0,0,0,0,0,0,1,1,0,0,1,0,0,0,1,1,1,1,1,0
0,0,0,0,0,0,0,0,0,1,1,0,0,1,0,0,0,1,1,1,1,0,0
0,1,1,0,0,0,1,1,0,0,0,0,0,0,0,0,1,1,1,1,0,0,0
0,1,0,0,0,0,1,1,0,0,0,0,0,0,0,0,0,1,1,1,0,0,0
0,0,0,0,0,0,0,0,0,1,1,0,1,1,0,0,0,1,1,1,1,0,0
0,0,0,0,0,0,0,0,0,1,1,0,0,1,0,0,0,1,1,1,1,0,0
0,0,0,0,0,0,0,0,0,0,0,0,0,0,0,0,0,1,1,1,1,0,0
0,0,0,0,0,1,0,0,0,0,0,0,0,0,0,0,0,1,1,1,1,0,0
0,0,0,0,0,0,0,0,0,0,0,0,0,0,0,0,0,1,1,1,1,0,0
0,0,0,0,0,0,0,0,0,0,0,0,0,0,0,0,0,1,1,1,1,0,0
0,0,0,0,0,0,0,0,0,0,0,0,0,0,0,0,0,1,1,1,1,0,0
0,1,0,0,0,0,0,0,0,0,0,0,0,0,0,0,0,1,1,1,1,0,0
0,1,0,0,0,0,0,0,0,1,1,0,0,1,0,0,0,1,1,1,1,0,0
0,0,0,0,0,0,0,0,0,0,0,0,0,0,0,1,0,1,1,1,1,0,0
0,0,0,0,0,0,0,0,0,0,0,0,0,0,0,1,0,1,1,1,1,0,0
0,0,0,0,0,1,0,0,0,0,0,0,0,0,0,0,0,1,1,1,1,0,0
1,0,0,0,0,0,0,0,0,0,0,0,0,0,0,0,0,1,1,1,1,0,0
0,0,0,0,0,0,0,0,0,0,0,0,0,0,1,0,0,1,1,1,1,0,0
0,0,0,0,0,0,0,0,0,0,0,0,0,0,0,1,0,1,1,1,1,0,0
1,0,0,0,0,0,0,0,0,0,0,0,0,0,0,0,0,1,1,1,1,0,0
0,0,0,0,0,0,0,0,0,0,0,0,0,0,1,0,0,1,1,1,1,0,0
1,0,0,0,0,0,0,0,0,1,1,0,0,0,0,0,0,1,1,1,1,0,0
0,0,0,0,0,0,0,0,0,0,0,0,0,0,0,1,0,1,1,1,1,0,0
0,0,0,0,0,1,0,0,0,0,0,0,0,0,0,0,0,1,1,1,1,0,0
1,0,0,0,0,0,0,0,0,0,0,0,0,0,0,0,0,1,1,1,1,0,0
0,1,0,0,0,0,0,0,0,0,0,0,0,0,0,0,0,1,1,1,0,0,0
0,1,0,0,0,0,1,1,0,0,0,0,0,0,0,0,0,1,1,1,1,0,0
0,1,1,0,0,0,1,1,0,0,0,0,0,0,0,0,1,1,1,1,0,0,0
0,1,1,0,0,0,1,1,0,0,0,0,0,0,0,0,1,1,1,1,0,0,0
0,0,0,0,0,1,1,1,0,1,0,1,1,1,0,0,0,1,1,1,1,0,0
0,0,0,0,0,0,1,1,0,1,0,1,0,1,0,0,0,1,1,1,1,1,0
0,0,0,0,0,0,1,1,0,1,0,1,1,1,0,1,0,1,1,1,1,0,0
0,1,0,0,0,0,1,1,0,1,0,0,0,0,0,0,0,1,1,1,0,0,0
0,1,0,0,0,0,1,1,0,0,0,0,0,0,0,1,0,1,1,1,1,0,0
1,1,0,0,0,1,1,1,0,0,0,0,0,0,0,0,0,1,1,1,1,0,0
0,1,0,0,0,0,1,1,0,0,0,0,0,0,0,1,0,1,1,1,1,0,0
1,1,0,0,0,0,1,1,0,0,0,0,0,0,0,0,0,1,1,1,1,0,0
1,1,0,0,0,0,1,1,0,0,0,0,0,0,0,0,0,1,1,1,1,0,0
0,1,0,0,0,1,1,1,0,0,0,0,0,0,0,0,0,1,1,1,0,0,0
0,1,0,0,0,0,1,1,0,0,0,0,0,0,1,0,0,1,1,1,0,0,0
0,1,0,1,0,0,1,1,0,0,0,0,0,0,0,0,0,1,1,1,1,0,1
0,1,0,0,0,1,1,1,0,0,0,0,0,0,0,0,0,1,1,1,0,0,0
1,1,0,0,0,0,1,1,0,0,0,0,0,0,0,0,0,1,1,1,0,0,0
0,1,0,0,0,0,1,1,0,0,0,0,0,0,0,1,0,1,1,1,1,0,0
1,1,0,0,0,0,1,1,0,0,0,0,0,0,0,0,0,1,1,1,1,0,0
0,1,0,0,0,0,1,1,0,0,0,0,0,0,1,0,0,1,1,1,0,0,0
0,1,0,0,0,0,1,1,0,0,0,0,0,0,0,0,0,1,1,1,0,0,0
0,1,0,0,0,1,1,1,0,0,0,0,0,0,0,0,0,1,1,1,0,0,0
1,1,0,0,0,1,1,1,0,0,0,0,0,0,0,0,0,1,1,1,1,0,0
0,0,0,0,1,0,0,0,0,0,0,0,0,0,0,0,0,1,1,1,0,0,0
0,1,1,0,0,0,1,1,0,0,0,0,0,0,0,0,1,1,1,1,0,0,0
0,1,0,0,0,1,1,1,0,0,0,0,0,0,0,0,0,1,1,1,0,0,0
0,1,0,0,0,1,1,1,0,0,0,0,0,0,0,0,0,1,1,1,0,0,0
1,1,1,0,0,0,1,1,0,0,0,0,0,0,0,0,0,1,1,1,0,0,0
0,1,0,0,0,0,1,1,0,1,0,0,0,0,0,0,0,1,1,1,1,0,0
0,1,0,0,0,0,0,0,0,1,1,0,0,1,0,0,0,1,1,1,1,0,0
0,1,0,0,0,0,0,0,0,0,0,0,0,0,0,0,0,1,1,1,1,0,0
0,1,0,0,0,0,0,0,0,0,0,0,0,0,0,1,0,1,1,1,1,0,0
1,1,0,0,0,0,0,0,0,0,0,0,0,0,0,0,0,1,1,1,1,0,0
1,1,0,0,0,0,0,0,0,0,0,0,0,0,0,0,0,1,1,1,1,0,0
0,1,0,0,0,0,0,0,0,1,1,0,0,1,0,1,0,1,1,1,1,0,0
0,1,0,0,0,0,0,0,0,0,0,0,0,0,0,1,1,1,1,1,0,0,0
0,1,0,0,0,0,0,0,0,0,0,0,0,0,1,0,1,1,1,1,0,0,0
0,1,0,0,0,0,0,0,0,0,0,0,0,0,0,1,0,1,1,1,1,0,0
0,1,0,0,0,0,0,0,0,0,0,0,0,0,0,0,0,1,1,1,1,0,0
0,1,1,0,0,0,1,1,0,0,0,0,0,0,0,0,0,1,1,1,0,0,0
0,1,0,0,0,0,0,0,0,0,0,0,0,0,0,0,0,1,1,1,0,0,0
0,1,0,0,0,0,0,0,0,0,0,0,0,0,0,0,0,1,1,1,0,0,0
0,1,0,0,0,0,0,0,0,0,0,0,0,0,0,0,0,1,1,1,0,0,0
1,1,0,0,0,0,0,0,0,0,0,0,0,0,0,0,0,1,1,1,0,0,0
0,1,1,0,0,0,1,1,0,0,0,0,0,0,0,0,1,1,1,1,0,0,0
1,1,0,0,0,0,0,0,0,1,0,1,0,1,0,0,0,1,1,1,1,0,0
1,0,0,0,0,0,0,0,0,0,0,0,0,0,0,0,0,1,1,1,0,0,0
1,1,0,0,0,0,1,0,1,1,1,0,0,0,0,0,0,1,1,1,0,0,0
1,1,0,0,0,0,0,0,1,1,1,0,0,0,0,0,0,1,1,1,0,0,0
1,1,0,0,0,0,1,0,1,1,1,0,0,0,0,0,0,1,1,1,0,0,0
0,1,1,0,1,0,1,0,1,1,0,1,0,0,0,0,0,1,1,1,0,0,0
1,1,0,0,0,0,1,0,1,1,1,0,0,0,0,0,0,1,1,1,0,0,0
0,1,0,0,0,0,1,0,1,0,0,0,0,0,0,0,0,1,1,1,0,0,0
0,1,0,0,0,0,0,0,1,0,0,0,0,0,0,0,0,1,1,1,0,0,0
0,1,0,0,1,0,1,0,1,0,0,0,0,0,0,0,0,1,1,1,0,0,0
0,1,0,0,1,0,1,0,0,1,0,0,0,1,0,0,0,1,1,1,1,0,0
1,1,0,0,1,0,1,0,0,0,0,0,0,0,0,0,0,1,1,1,0,0,0
0,1,1,0,1,0,1,0,0,0,0,0,0,0,0,0,0,1,1,1,0,0,0
0,1,1,0,1,0,1,0,0,0,0,0,0,0,0,0,0,1,1,1,0,0,0
0,1,0,0,0,0,0,0,1,0,0,0,0,0,1,0,0,1,1,1,0,0,0
0,1,0,0,0,0,0,0,1,0,0,0,0,0,0,0,0,1,1,1,0,0,0
0,1,0,0,0,0,0,0,1,0,0,0,0,0,0,0,0,1,1,1,0,0,0
0,1,0,0,0,0,0,0,0,0,0,0,0,0,0,1,0,1,1,1,0,0,0
0,1,0,0,0,0,0,0,1,0,0,0,0,0,0,0,0,1,1,1,0,0,0
0,1,0,0,1,0,1,0,0,0,0,0,0,0,0,0,0,1,1,1,0,0,0
0,1,0,0,1,1,1,0,0,0,0,0,0,0,0,0,0,1,1,1,0,0,0
0,1,0,0,1,0,1,0,0,0,0,0,0,0,0,1,0,1,1,1,0,0,0
0,1,0,0,1,0,1,0,0,0,0,0,0,0,0,0,0,1,1,1,0,0,0
0,1,0,0,1,0,1,0,0,0,0,0,0,0,0,0,0,1,1,1,0,0,0
0,1,0,0,0,0,0,0,0,0,0,0,0,0,0,0,0,1,1,1,0,0,0
0,1,0,0,1,0,0,0,0,1,0,1,0,0,0,1,0,0,0,0,1,1,0
1,1,0,0,1,0,0,0,0,1,0,1,0,0,0,0,0,0,0,0,1,1,0
1,1,0,0,1,0,0,0,0,1,0,1,0,0,0,0,0,0,0,0,1,1,0
0,0,0,1,0,0,1,0,0,1,0,0,1,1,0,0,0,0,1,1,1,0,1
0,0,1,0,0,0,1,1,0,0,0,0,0,0,0,1,1,1,1,1,0,0,0
0,0,1,0,0,0,1,1,0,0,0,0,0,0,1,0,1,1,1,1,0,0,0
0,1,1,0,0,0,1,1,0,0,0,0,0,0,0,0,1,1,1,1,0,0,0
0,1,1,0,0,0,1,1,0,0,0,0,0,0,0,0,1,1,1,1,0,0,0
0,1,1,0,0,0,1,1,0,0,0,0,0,0,0,0,1,1,1,1,0,0,0
0,1,1,1,0,0,1,1,0,0,0,0,0,0,0,0,1,1,1,1,0,0,1
0,1,0,0,0,0,1,1,1,0,0,0,0,0,0,0,0,1,1,1,0,0,0
1,1,1,0,0,0,1,1,0,0,0,0,0,0,0,0,1,1,1,1,0,1,0
1,1,0,0,0,0,1,1,1,0,0,0,0,0,0,0,0,1,1,1,0,0,0
1,1,1,0,0,0,1,1,0,0,0,0,0,0,0,0,1,1,1,1,0,0,0
1,0,1,0,0,0,1,1,0,1,0,0,1,0,0,1,1,1,1,1,1,0,0
0,0,1,0,0,0,1,1,0,1,0,0,1,0,0,1,1,1,1,1,1,0,0
0,0,1,0,0,0,1,1,0,1,0,0,1,0,0,1,1,1,1,1,1,0,0
0,0,1,0,0,0,1,1,0,0,0,0,0,0,0,1,1,1,1,1,0,0,0
0,1,1,0,0,0,1,1,0,0,0,0,0,0,0,1,0,1,1,1,0,0,0
1,0,1,0,0,0,1,1,0,0,0,0,0,0,0,1,1,1,1,1,0,0,0
0,1,1,0,0,0,1,1,0,0,0,0,0,0,0,0,0,1,1,1,0,0,0
1,1,1,0,0,0,1,1,0,0,0,0,0,0,0,0,1,1,1,1,0,0,0
1,1,1,0,0,0,1,1,0,0,0,0,0,0,0,0,1,1,1,1,0,0,0
1,1,1,0,0,0,1,1,0,0,0,0,0,0,0,0,1,1,1,1,0,0,0
1,1,1,0,0,0,1,1,0,1,0,0,1,0,0,1,1,1,1,1,1,0,0
0,1,1,0,0,0,1,1,0,1,0,0,1,0,0,1,1,1,1,1,1,0,0
1,1,1,0,0,0,1,1,0,0,0,0,0,0,1,1,1,1,1,1,0,0,0
0,1,1,0,0,0,1,1,0,0,0,0,0,0,1,1,1,1,1,1,0,0,0
0,1,1,0,0,0,1,1,0,0,0,0,0,0,1,1,1,1,1,1,0,0,0
0,0,1,0,0,0,1,1,0,0,0,0,0,0,0,1,1,1,1,1,0,0,0
0,0,1,0,0,1,1,1,0,0,0,0,0,0,0,1,1,1,1,1,0,0,0
1,0,1,0,0,1,1,1,0,0,0,0,0,0,0,1,1,1,1,1,0,0,0
1,1,1,0,0,1,1,1,0,0,0,0,0,0,0,1,1,1,1,1,0,0,0
0,1,1,0,0,1,1,1,0,0,0,0,0,0,0,1,1,1,1,1,0,0,0
0,1,1,0,0,0,1,1,0,0,0,0,0,0,0,0,1,1,1,1,0,0,0
0,1,1,0,0,0,1,1,0,0,0,0,0,0,0,0,1,1,1,1,0,0,0
0,1,1,0,0,0,1,1,0,0,0,0,0,0,0,0,1,1,1,1,0,0,0
0,1,1,0,0,0,1,1,0,0,0,0,0,0,0,0,1,1,1,1,0,0,0
1,1,1,0,0,0,1,1,0,0,0,0,0,0,0,0,1,1,1,1,0,0,0
0,1,1,0,0,0,1,1,0,0,0,0,0,0,0,0,1,1,1,1,1,0,0
1,0,1,0,0,0,1,1,0,1,0,0,1,0,0,0,1,1,1,1,1,0,0
0,0,1,0,0,0,1,1,0,1,0,0,1,0,0,0,1,1,1,1,1,0,0
0,1,0,0,0,0,0,0,0,0,0,0,0,0,0,0,0,1,1,1,0,0,0
0,1,0,0,0,0,0,0,0,0,0,0,0,0,0,0,0,1,1,1,0,0,0
1,1,0,0,0,0,0,0,0,0,0,0,0,0,0,0,0,1,1,1,0,0,0
0,1,0,0,0,1,0,0,0,0,0,0,0,0,0,0,0,1,1,1,0,0,0
1,1,0,0,0,1,0,0,0,0,0,0,0,0,0,0,0,1,1,1,0,0,0
0,1,0,0,0,0,0,0,0,0,0,0,0,0,0,0,0,1,1,1,0,0,0
0,1,0,0,0,0,0,0,0,0,0,0,0,0,0,0,0,1,1,1,0,1,0
0,1,0,0,0,0,0,0,0,0,0,0,0,0,0,0,0,1,1,1,0,0,0
0,1,0,0,0,0,0,0,0,0,0,0,0,0,0,0,0,1,1,1,1,0,0
0,1,0,0,0,0,0,0,0,0,0,0,0,0,0,0,0,1,1,1,0,0,0
0,1,0,0,0,1,0,0,0,0,0,0,0,0,0,0,0,1,1,1,0,0,0
0,1,0,0,0,0,0,0,0,0,0,0,0,0,0,0,0,1,1,1,0,0,0
1,1,0,0,0,1,0,0,0,0,0,0,0,0,0,0,0,1,1,1,0,0,0
0,1,0,0,0,0,0,0,0,0,0,0,0,0,0,0,0,1,1,1,0,1,0
1,1,0,0,0,0,0,0,0,0,0,0,0,0,0,0,0,1,1,1,0,0,0
0,1,0,0,0,0,0,0,0,0,0,0,0,0,0,0,0,1,1,1,0,1,0
1,1,0,0,0,0,0,0,0,0,0,0,0,0,0,0,0,1,1,1,0,0,0
0,1,0,0,0,1,0,0,0,0,0,0,0,0,0,0,0,1,1,1,0,0,0
0,1,0,0,1,0,0,0,0,0,0,0,0,0,0,0,0,1,1,1,0,0,0
0,1,0,0,0,1,0,0,0,0,0,0,0,0,0,0,0,1,1,1,0,0,0
1,1,0,0,0,0,0,0,0,0,0,0,0,0,0,0,0,1,1,1,0,0,0
0,1,0,0,0,0,0,0,0,0,0,0,0,0,0,0,0,1,1,1,0,0,0
0,1,0,0,0,1,0,0,0,0,0,0,0,0,0,0,0,1,1,1,0,0,0
0,1,0,0,0,0,0,0,0,1,0,0,1,1,0,0,0,1,1,1,1,0,0
1,1,0,0,0,1,0,0,0,0,0,0,0,0,0,0,0,1,1,1,0,0,0
0,1,0,0,0,0,0,0,0,0,0,0,0,0,0,0,1,1,1,1,0,0,0
0,1,0,0,0,0,0,0,0,1,0,0,1,1,0,0,0,1,1,1,1,0,0
0,1,0,0,0,0,0,0,0,0,0,0,0,0,0,0,0,1,1,1,0,0,0
0,1,0,0,0,1,0,0,0,0,0,0,0,0,0,0,0,1,1,1,0,0,0
0,1,0,0,0,1,0,0,0,0,0,0,0,0,0,0,0,1,1,1,0,0,0
1,1,0,0,0,1,0,0,0,0,0,0,0,0,0,0,0,1,1,1,0,0,0
1,1,0,0,0,0,0,0,0,0,0,0,0,0,0,0,0,1,1,1,0,0,0
0,1,0,0,0,0,0,0,0,1,0,0,0,1,0,0,0,1,1,1,1,0,0
0,1,0,0,0,0,0,0,0,1,0,0,1,1,0,0,0,1,1,1,1,0,0
1,1,0,0,0,0,0,0,0,0,0,0,0,0,0,0,0,1,1,1,0,0,0
0,1,0,0,0,0,0,0,0,0,0,0,0,0,0,0,0,1,1,1,0,0,0
0,1,0,0,0,0,0,0,0,1,0,1,0,1,0,0,0,1,1,1,1,0,0
1,1,0,0,0,0,0,0,0,1,0,0,1,1,0,0,0,1,1,1,1,0,0
0,1,0,0,0,0,0,0,0,0,0,0,0,0,0,1,0,1,1,1,0,0,0
0,1,0,0,0,0,0,0,0,0,0,0,0,0,1,0,0,1,1,1,0,0,0
0,1,0,0,0,0,0,0,0,0,0,0,0,0,0,1,0,1,1,1,0,0,0
0,1,0,0,0,0,0,0,0,0,0,0,0,0,0,0,0,1,1,1,1,0,0
0,1,0,0,0,0,0,0,0,0,0,0,0,0,0,0,0,1,1,1,1,0,0
0,1,0,0,0,0,0,0,0,0,0,0,0,0,0,0,1,1,1,1,0,0,0
0,1,0,0,0,0,0,0,0,1,0,0,1,1,0,0,0,1,1,1,1,0,0
0,1,0,0,0,1,0,0,0,0,0,0,0,0,0,0,0,1,1,1,0,0,0
0,1,0,1,0,0,0,0,0,1,1,0,1,1,0,0,0,1,1,1,1,0,0
0,1,0,0,1,0,0,0,0,1,1,0,1,1,0,0,0,1,1,1,1,0,0
0,1,0,0,0,0,0,0,0,1,0,0,1,1,0,0,0,1,1,1,1,0,0
0,1,0,0,0,0,0,0,0,0,0,0,0,0,1,0,0,1,1,1,0,0,0
0,1,0,0,0,0,0,0,0,0,0,0,0,0,0,1,0,1,1,1,0,0,0
0,1,0,0,0,0,0,0,0,0,0,0,0,0,0,1,0,1,1,1,0,0,0
0,1,0,0,0,0,0,0,0,0,0,0,0,0,0,1,0,1,1,1,0,0,0
0,1,0,0,0,1,0,0,0,0,0,0,0,0,0,0,0,1,1,1,0,0,0
0,1,0,0,0,0,0,0,0,0,0,0,0,0,0,0,1,1,1,1,0,0,0
0,1,0,0,0,0,0,0,0,0,0,0,0,0,0,0,1,1,1,1,0,0,0
1,1,0,0,0,0,0,0,0,0,0,0,0,0,0,0,0,1,1,1,0,0,0
1,1,0,0,0,0,0,0,0,0,0,0,0,0,1,0,0,1,1,1,0,0,0
0,1,0,0,0,0,0,0,0,0,0,0,0,0,0,1,0,1,1,1,0,0,0
1,1,0,0,0,0,0,0,0,0,0,0,0,0,1,0,0,1,1,1,0,0,0
1,1,0,0,0,0,0,0,0,1,0,0,1,1,0,0,0,1,1,1,1,0,0
0,1,0,0,0,0,0,0,0,0,0,0,0,0,1,0,0,1,1,1,0,0,0
0,1,0,0,0,1,0,0,0,0,0,0,0,0,0,0,0,1,1,1,0,1,0
0,1,0,0,0,0,0,0,0,0,0,0,0,0,1,0,0,1,1,1,0,0,0
1,1,0,0,0,0,0,0,0,0,0,0,0,0,1,0,0,1,1,1,0,0,0
1,1,0,0,0,0,0,0,0,0,0,0,0,0,0,0,0,1,1,1,0,0,0
0,1,0,0,0,0,0,0,0,0,0,0,0,0,1,0,0,1,1,1,0,0,0
1,1,0,0,0,0,0,0,0,0,0,0,0,0,1,0,1,1,1,1,0,0,0
1,1,0,0,0,0,0,0,0,0,0,0,0,0,0,0,1,1,1,1,0,0,0
1,1,0,0,0,0,0,0,0,0,0,0,0,0,0,0,0,1,1,1,0,0,0
1,1,0,0,0,1,0,0,0,0,0,0,0,0,0,0,0,1,1,1,0,0,0
1,1,0,0,0,0,0,0,0,0,0,0,0,0,0,0,1,1,1,1,0,0,0
1,1,0,0,0,0,0,0,0,0,0,0,0,0,0,0,1,1,1,1,0,0,0
0,1,0,0,0,0,0,0,0,1,0,0,1,1,0,0,0,1,1,1,1,0,0
1,1,0,0,0,0,0,0,0,1,0,0,1,1,0,0,0,1,1,1,1,0,0
0,1,0,0,0,0,0,0,0,1,0,0,1,1,0,0,1,1,1,1,1,0,0
0,1,0,0,0,0,0,0,0,1,0,0,1,1,0,0,0,1,1,1,1,0,0
1,1,0,0,0,0,0,0,0,1,0,0,1,1,0,0,0,1,1,1,1,0,0
1,1,0,0,0,0,0,0,0,1,0,0,1,1,0,0,0,1,1,1,1,0,0
1,1,0,0,0,0,0,0,0,0,0,0,0,0,0,0,1,1,1,1,0,0,0
1,1,0,0,0,0,0,0,0,0,0,0,0,0,0,0,1,1,1,1,0,0,0
1,1,0,0,0,0,0,0,0,0,0,0,0,0,0,0,0,1,1,1,0,0,0
1,1,0,0,0,0,0,0,0,0,0,0,0,0,0,0,1,1,1,1,0,0,0
1,1,0,0,0,1,0,0,0,0,0,0,0,0,0,0,0,1,1,1,0,0,0
0,1,0,0,0,0,0,0,0,0,0,0,0,0,0,0,0,1,1,1,0,0,0
0,1,0,0,0,0,0,0,0,0,0,0,0,0,0,0,0,1,1,1,0,0,0
0,1,0,0,0,0,0,0,0,0,0,0,0,0,0,0,0,1,1,1,0,0,0
0,1,0,0,0,0,0,0,0,0,0,0,0,0,0,0,1,1,1,1,0,0,0
0,1,0,0,0,0,0,0,0,0,0,0,0,0,0,0,1,1,1,1,0,0,0
0,1,0,0,0,0,0,0,0,0,0,0,0,0,0,0,1,1,1,1,0,0,0
0,1,0,0,0,0,0,0,0,0,0,0,0,0,0,0,0,1,1,1,0,0,0
0,1,0,0,0,0,0,0,0,0,0,0,0,0,0,0,1,1,1,1,0,0,0
1,1,0,0,0,0,0,0,0,1,0,0,0,1,0,0,0,1,1,1,1,0,0
0,1,0,0,0,0,0,0,0,1,0,0,0,1,0,0,0,1,1,1,1,0,0
0,1,0,0,0,0,0,0,0,1,1,0,0,1,0,0,0,1,1,1,1,0,0
0,1,0,0,0,0,0,0,0,1,0,0,0,1,0,0,0,1,1,1,1,0,0
0,1,0,0,0,0,0,0,0,1,0,0,0,1,0,0,0,1,1,1,1,0,0
0,1,0,0,0,0,0,0,0,1,0,0,0,1,0,0,0,1,1,1,1,0,0
1,1,0,0,0,0,0,0,0,0,0,0,0,1,0,0,0,1,1,1,1,0,0
0,1,0,0,0,0,0,0,0,0,0,0,0,0,0,0,1,1,1,1,0,0,0
0,1,0,0,0,0,0,0,0,0,0,0,0,0,0,0,1,1,1,1,0,0,0
0,1,0,0,0,0,0,0,0,0,0,0,0,0,0,0,1,1,1,1,0,0,0
0,1,0,0,0,0,0,0,0,0,0,0,0,0,0,0,1,1,1,1,0,0,0
0,1,0,0,0,0,0,0,0,0,0,0,0,0,0,0,0,1,1,1,0,0,0
0,1,0,0,0,0,0,0,0,0,0,0,0,0,0,0,1,1,1,1,0,0,0
0,1,0,0,0,0,0,0,0,0,0,0,0,0,0,0,0,1,1,1,0,0,0
0,1,0,0,0,0,0,0,0,0,0,0,0,0,0,0,0,1,1,1,0,0,0
0,1,0,0,0,0,0,0,0,0,0,0,0,0,0,0,0,1,1,1,0,0,0
0,1,0,0,0,0,0,0,0,0,0,0,0,0,0,0,0,1,1,1,0,0,0
0,1,0,0,0,0,0,0,0,0,0,0,0,0,1,0,0,1,1,1,0,0,0
0,1,0,0,0,0,0,0,0,1,0,0,0,1,0,0,0,1,1,1,1,0,0
0,1,0,0,0,0,0,0,0,1,0,0,0,1,0,0,0,1,1,1,1,0,0
1,1,0,0,0,0,0,0,0,1,0,0,1,1,0,0,0,1,1,1,1,0,0
1,1,0,0,0,0,0,0,0,0,0,0,1,1,0,0,0,1,1,1,1,0,0
0,1,0,0,0,1,0,0,0,0,0,0,0,0,1,0,0,1,1,1,0,0,0
0,1,0,0,0,1,0,0,0,0,0,0,0,0,0,0,0,1,1,1,0,0,0
1,1,0,0,0,1,0,0,0,0,0,0,0,0,0,0,0,1,1,1,0,0,0
0,1,0,0,0,1,0,0,0,0,0,0,0,0,0,0,1,1,1,1,0,0,0
0,1,0,0,0,1,0,0,0,0,0,0,0,0,0,0,1,1,1,1,0,0,0
0,1,0,0,0,0,0,0,0,0,0,0,0,0,0,0,0,1,1,1,0,0,0
1,1,0,0,0,0,0,0,0,1,1,0,0,0,0,0,0,1,1,1,0,0,0
0,1,0,0,0,0,0,0,0,0,0,0,0,0,0,0,0,1,1,1,0,0,0
1,1,0,0,0,0,0,0,0,1,1,0,0,0,0,0,0,1,1,1,0,0,0
0,1,0,0,0,0,0,0,0,0,0,0,0,0,0,0,0,1,1,1,0,0,0
0,1,0,0,0,0,0,0,0,0,0,0,0,0,0,0,0,1,1,1,1,0,0
0,1,0,0,0,1,0,0,0,0,0,0,0,0,0,0,0,1,1,1,1,0,0
0,1,0,0,0,0,0,0,0,0,0,0,0,0,0,0,0,1,1,1,0,0,0
0,1,0,0,0,1,0,0,0,1,0,0,0,1,0,0,0,1,1,1,1,0,0
0,1,0,0,0,0,0,0,0,0,0,0,0,0,0,0,0,1,1,1,0,0,0
0,1,0,0,0,0,0,0,0,0,0,0,0,0,0,0,0,1,1,1,0,0,0
0,1,0,0,0,0,0,0,0,1,0,0,1,1,0,0,0,1,1,1,1,0,0
0,1,0,0,0,0,0,0,0,1,0,0,0,0,0,0,0,1,1,1,0,0,0
0,1,0,0,0,1,0,0,0,1,0,0,0,0,0,0,0,1,1,1,0,0,0
0,1,0,0,0,1,0,0,0,1,0,0,0,0,0,0,0,1,1,1,0,0,0
0,1,0,0,0,1,0,0,0,1,0,1,0,0,0,0,0,1,1,1,0,0,0
0,1,0,0,0,0,0,0,0,0,0,0,0,0,0,0,0,1,1,1,0,0,0
0,1,0,0,0,1,0,0,0,1,0,0,0,0,0,0,0,1,1,1,0,0,0
0,1,0,0,0,0,0,0,0,0,0,0,0,0,0,0,0,1,1,1,0,0,0
1,1,0,0,0,0,0,0,0,0,0,0,0,0,0,0,1,1,1,1,0,0,0
0,1,0,0,0,1,0,0,0,0,0,0,0,0,0,0,1,1,1,1,0,0,0
0,1,0,0,0,0,0,0,0,0,0,0,0,0,1,0,0,1,1,1,0,1,0
1,1,0,0,0,0,0,0,0,0,0,0,0,0,0,0,0,1,1,1,0,0,0
0,1,0,0,0,0,0,0,0,0,0,0,0,0,0,0,0,1,1,1,1,0,0
0,1,0,0,0,0,0,0,0,0,0,0,0,0,0,0,0,1,1,1,0,1,0
0,1,0,0,0,0,0,0,0,0,0,0,0,0,0,1,0,1,1,1,0,0,0
1,1,0,0,0,0,0,0,0,0,0,0,0,0,0,0,0,1,1,1,0,0,0
0,1,0,0,0,0,0,0,0,0,0,0,0,0,0,0,0,1,1,1,0,0,0
0,1,0,0,0,0,0,0,0,0,0,0,0,0,0,0,0,1,1,1,1,0,0
0,1,0,0,0,0,0,0,0,0,0,0,0,0,0,0,0,1,1,1,0,0,0
0,1,0,0,0,0,0,0,0,0,0,0,0,0,0,1,0,1,1,1,0,0,0
0,1,0,0,0,0,0,0,0,1,0,0,0,1,0,0,0,1,1,1,1,0,0
0,1,0,0,0,0,0,0,0,1,0,0,0,1,0,0,0,1,1,1,1,0,0
0,1,0,0,0,0,0,0,0,0,0,0,0,0,0,0,1,1,1,1,0,0,0
0,1,0,0,0,0,0,0,0,0,0,0,0,0,0,0,0,1,1,1,0,0,0
0,1,0,0,0,0,0,0,0,1,0,0,0,1,0,0,0,1,1,1,1,0,0
0,1,0,0,0,0,0,0,0,0,0,0,0,0,0,0,1,1,1,1,0,0,0
0,1,0,0,0,0,0,0,0,0,0,0,0,0,0,0,1,1,1,1,0,0,0
0,1,0,0,0,1,0,0,0,0,0,0,0,0,0,0,0,1,1,1,0,0,0
0,1,0,0,0,0,0,0,0,0,0,0,0,0,0,1,0,1,1,1,0,0,0
0,1,0,0,0,0,0,0,0,0,0,0,0,0,1,1,0,1,1,1,0,0,0
0,1,0,0,0,0,0,0,0,1,0,0,0,1,0,0,0,1,1,1,1,0,0
0,1,0,0,0,0,0,0,0,0,0,0,0,0,0,0,0,1,1,1,1,0,0
0,1,0,0,0,0,0,0,0,0,0,0,0,0,0,1,0,1,1,1,0,0,0
0,1,0,0,0,0,0,0,0,0,0,0,0,0,0,1,0,1,1,1,0,0,0
0,1,0,0,0,0,0,0,0,0,0,0,0,0,0,0,0,1,1,1,0,1,0
0,1,0,0,0,0,0,0,0,0,0,0,0,0,0,0,0,1,1,1,1,0,0
0,1,0,0,0,0,0,0,0,0,0,0,0,0,0,1,0,1,1,1,0,0,0
0,1,0,0,0,0,0,0,0,0,0,0,0,0,0,0,0,1,1,1,0,0,0
0,1,0,0,0,0,0,0,0,0,0,0,0,0,0,1,0,1,1,1,0,0,0
0,1,0,0,0,0,0,0,0,0,0,0,0,0,0,1,0,1,1,1,0,0,0
0,1,0,0,0,1,0,0,0,0,0,0,0,0,0,1,0,1,1,1,0,0,0
0,1,0,0,0,0,0,0,0,0,0,0,0,0,0,0,0,1,1,1,1,0,0
0,1,0,0,0,0,0,0,0,1,0,0,0,1,0,0,0,1,1,1,1,0,0
0,1,0,0,0,0,0,0,0,1,0,0,0,1,0,0,0,1,1,1,1,0,0
0,1,0,0,0,0,0,0,0,1,0,0,0,1,0,0,0,1,1,1,1,0,0
0,1,0,0,0,0,0,0,0,0,0,0,0,0,0,0,1,1,1,1,0,0,0
0,1,0,0,0,0,0,0,0,0,0,0,0,0,0,0,0,1,1,1,0,0,0
0,1,0,0,0,0,0,0,0,1,0,0,0,1,0,0,0,1,1,1,1,0,0
0,1,0,0,0,0,0,0,0,0,0,0,0,0,0,1,0,1,1,1,0,0,0
1,1,0,0,0,0,0,0,0,0,0,0,0,0,0,0,0,1,1,1,0,0,0
0,1,0,0,0,0,0,0,0,1,0,0,0,1,0,0,0,1,1,1,1,0,0
0,1,0,0,0,0,0,0,0,0,0,0,0,0,0,0,0,1,1,1,0,1,0
0,1,0,0,0,0,0,0,0,0,0,0,0,0,0,0,0,1,1,1,0,0,0
0,1,0,0,0,0,0,0,0,0,0,0,0,0,0,0,0,1,1,1,0,1,0
0,1,0,0,0,0,0,0,0,0,0,0,0,0,0,0,0,1,1,1,0,0,0
0,1,0,0,0,0,0,0,0,0,0,0,0,0,0,0,0,1,1,1,0,0,0
0,1,0,0,0,0,0,0,0,0,0,0,0,0,0,0,0,1,1,1,1,0,0
0,1,0,0,0,0,0,0,0,0,0,0,0,0,0,1,0,1,1,1,0,0,0
0,1,0,0,0,0,0,0,0,0,0,0,0,0,0,0,1,1,1,1,0,0,0
0,1,0,0,0,0,0,0,0,0,0,0,0,0,0,0,0,1,1,1,0,1,0
0,1,0,0,0,0,0,0,0,0,0,0,0,0,0,0,0,1,1,1,0,0,0
0,1,0,0,0,0,0,0,0,0,0,0,0,0,0,0,0,1,1,1,0,0,0
0,1,0,0,0,0,0,0,0,0,0,0,0,0,0,0,1,1,1,1,0,0,0
0,1,0,0,0,0,0,0,0,0,0,0,0,0,0,0,0,1,1,1,0,1,0
0,1,0,0,0,0,0,0,0,1,0,0,1,1,0,0,0,1,1,1,1,0,0
0,1,0,0,0,0,0,0,0,0,0,0,0,0,0,0,0,1,1,1,0,0,0
0,1,0,0,0,0,0,0,0,1,0,0,0,1,0,0,0,1,1,1,1,0,0
0,1,0,0,0,0,0,0,0,0,0,0,0,0,0,0,1,1,1,1,0,0,0
1,1,0,0,0,0,0,0,0,0,0,0,0,0,0,0,1,1,1,1,0,0,0
0,1,0,0,0,0,0,0,0,0,0,0,0,0,0,0,1,1,1,1,0,0,0
1,1,0,0,0,0,0,0,0,0,0,0,0,0,0,0,1,1,1,1,0,0,0
0,1,0,0,0,0,0,0,0,1,0,0,0,1,0,0,0,1,1,1,1,0,0
0,1,0,0,0,0,0,0,0,1,0,0,0,1,0,0,0,1,1,1,1,0,0
1,1,0,0,1,0,0,0,0,1,0,0,0,0,0,0,0,0,0,0,1,1,0
0,1,0,0,1,0,0,0,0,1,1,0,0,0,0,1,0,0,0,0,1,1,0
0,1,0,0,1,0,0,0,0,1,1,0,0,0,1,0,0,0,0,0,1,1,0
0,1,0,0,1,0,0,0,0,1,1,0,0,0,0,1,0,0,0,0,1,1,0
0,1,0,0,1,1,0,0,0,1,1,0,0,0,0,1,0,0,0,0,1,1,0
0,1,0,0,1,0,0,0,0,1,1,0,0,0,0,1,0,0,0,0,1,1,0
0,1,0,0,1,1,0,0,0,1,1,0,0,0,0,0,0,0,0,0,1,1,0
0,1,0,0,1,0,0,0,0,1,1,0,0,0,0,1,0,0,0,0,1,1,0
0,1,0,0,1,0,0,0,0,1,1,0,0,0,0,1,0,0,0,0,1,1,0
0,1,0,0,1,1,0,0,0,1,1,0,0,0,0,0,0,0,0,0,1,1,0
0,1,0,0,1,0,0,0,0,1,1,0,0,0,0,0,0,0,0,0,1,1,0
0,1,0,0,1,0,0,0,0,1,1,0,0,1,0,0,0,0,0,0,1,1,0
1,1,1,0,1,0,0,0,0,1,1,0,0,0,0,0,0,0,0,0,1,1,0
1,1,0,0,1,0,0,0,0,1,1,0,0,0,0,0,0,0,0,0,1,1,0
1,1,0,0,1,0,0,0,0,1,1,0,0,0,0,1,0,0,0,0,1,1,0
0,1,0,0,1,0,0,0,0,1,1,0,0,0,1,1,0,0,0,0,1,1,0
0,1,0,0,1,0,0,0,0,1,1,0,0,0,0,1,0,0,0,0,1,1,0
0,1,0,0,1,0,0,0,0,1,1,0,0,0,0,1,0,0,0,0,1,1,0
0,1,1,0,1,0,0,0,0,1,1,0,0,0,0,0,0,0,0,0,1,1,0
0,1,0,1,1,0,0,0,0,1,1,0,0,0,0,0,0,0,0,0,1,1,0
1,1,0,0,1,0,0,0,0,1,1,0,0,0,0,1,0,0,0,0,1,1,0
0,1,0,1,1,0,0,0,0,1,1,0,0,0,0,0,0,0,0,0,1,1,1
1,1,0,0,1,1,0,0,0,1,1,0,0,0,0,0,0,0,0,0,1,1,0
0,1,0,0,1,1,0,0,0,1,1,0,0,0,0,1,0,0,0,0,1,1,0
0,1,0,1,1,0,0,0,0,1,1,0,0,0,0,1,0,0,0,0,1,1,1
0,1,0,0,1,0,0,0,0,1,1,0,0,0,0,0,0,0,0,0,1,1,0
0,1,0,0,1,0,0,0,0,1,0,1,0,0,0,0,0,0,0,0,1,1,0
0,1,1,0,1,0,0,0,0,1,1,0,0,0,0,1,0,0,0,0,1,1,0
0,1,0,1,1,0,0,0,0,1,1,0,0,0,0,1,0,0,0,0,1,1,1
0,1,0,0,1,0,0,0,0,1,1,0,0,0,0,0,0,0,0,0,1,1,0
1,1,0,0,1,1,0,0,0,1,1,0,0,0,0,0,0,0,0,0,1,1,0
0,1,0,0,1,1,0,0,0,1,1,0,0,0,0,1,0,0,0,0,1,1,0
0,1,0,0,1,1,0,0,0,1,0,1,0,0,0,0,0,0,0,0,1,1,0
0,1,0,0,1,0,0,0,0,1,1,0,1,0,1,1,0,0,0,0,1,0,0
0,1,0,0,1,0,0,0,0,1,1,0,1,0,0,0,0,0,0,0,1,0,0
0,1,0,0,1,0,0,0,0,1,1,0,0,0,0,1,0,0,0,0,1,1,0
0,1,0,0,1,0,1,0,0,1,1,0,0,0,0,0,0,0,0,0,1,1,0
0,1,0,0,1,0,0,0,0,1,1,0,0,0,0,1,0,0,0,0,1,1,0
0,1,0,0,1,0,0,0,0,1,1,0,0,0,0,0,0,0,0,1,1,1,0
0,1,0,0,1,0,0,0,0,1,1,0,0,0,0,1,0,0,0,0,1,1,0
1,1,0,0,1,0,0,0,0,1,1,0,0,0,0,0,0,0,0,0,1,1,0
0,1,0,0,1,0,0,0,0,1,1,0,0,0,0,1,0,0,0,0,1,1,0
0,1,0,0,1,0,0,0,0,1,1,0,0,0,0,1,0,0,1,1,1,1,0
1,1,0,0,1,0,0,0,0,1,1,0,0,0,0,1,0,0,0,0,1,1,0
0,1,0,0,1,1,0,0,0,1,1,0,0,0,0,0,0,0,0,0,1,1,0
0,1,0,0,1,0,0,0,0,1,1,0,0,0,0,1,0,0,0,0,1,1,0
0,1,0,0,1,0,0,0,0,1,1,0,0,0,0,1,0,0,0,0,1,1,0
0,1,0,0,1,0,0,0,0,1,1,0,0,0,1,1,0,0,0,0,1,1,0
0,1,0,0,1,0,0,0,0,1,1,0,1,1,0,1,0,0,0,0,1,1,0
0,1,0,0,1,0,0,0,0,1,1,0,0,0,0,1,0,0,0,0,1,1,0
1,1,0,0,1,0,0,0,0,1,1,0,1,0,0,1,0,0,0,0,1,0,0
1,0,1,0,1,0,0,0,0,1,1,0,0,0,0,1,0,0,0,0,1,1,0
0,1,0,1,1,0,0,0,0,1,1,0,0,0,0,0,0,0,0,0,1,1,0
0,1,0,1,1,0,0,0,0,1,1,0,0,0,0,1,0,0,0,0,1,1,0
0,0,0,1,1,0,0,0,0,1,1,0,0,0,0,1,0,0,0,0,1,1,0
0,1,0,0,1,0,0,0,0,1,1,0,1,0,0,1,0,0,0,0,1,0,0
0,1,0,0,1,0,0,0,0,1,0,1,1,0,0,0,0,0,0,0,1,0,0
0,1,0,0,1,0,0,0,0,1,1,0,1,0,0,1,0,0,0,0,1,0,0
0,1,1,0,1,0,0,0,0,1,1,0,1,0,0,0,0,0,0,0,1,0,0
0,1,0,0,1,1,0,0,0,1,1,0,0,0,0,1,0,0,0,0,1,1,0
0,1,0,0,1,0,0,0,0,1,1,0,0,0,0,0,0,0,0,1,1,1,0
0,1,0,0,1,0,0,0,0,1,1,0,1,0,0,0,0,0,0,0,1,0,0
0,1,1,0,1,0,0,0,0,1,1,0,1,0,0,1,0,0,0,0,1,0,0
0,1,0,0,1,0,0,0,0,1,1,0,0,0,0,1,0,0,0,0,1,1,0
0,1,0,0,1,0,0,0,0,1,0,1,1,0,1,0,0,0,0,0,1,0,0
0,1,0,0,1,0,0,0,0,1,1,0,0,0,0,1,0,0,0,0,1,1,0
0,1,0,0,1,0,0,0,0,1,0,1,0,0,0,0,0,0,0,0,1,1,0
0,1,0,0,1,0,0,0,0,1,0,1,0,0,0,1,0,0,0,0,1,1,0
0,1,0,0,1,0,0,0,0,1,1,0,1,0,0,1,0,0,0,0,1,0,0
0,1,0,0,1,0,0,0,0,1,0,1,0,0,0,1,0,0,0,0,1,1,0
0,1,0,0,1,0,0,0,0,1,0,1,0,0,0,1,0,0,0,0,1,1,0
1,1,0,0,1,0,0,0,0,1,0,1,0,0,0,0,0,0,0,0,1,1,0
0,1,0,1,1,0,0,0,0,1,1,0,1,0,0,1,0,0,0,0,1,0,0
0,1,0,0,1,0,0,0,0,1,1,0,1,0,0,1,0,0,0,0,1,0,0
0,1,0,0,1,0,0,0,0,1,1,0,0,0,0,0,0,1,0,1,1,1,0
1,1,0,0,1,0,0,0,0,1,0,1,0,0,0,0,0,0,0,0,1,1,0
1,1,1,0,1,0,0,0,0,1,0,1,0,0,0,0,0,0,0,0,1,1,0
0,1,0,0,1,0,0,0,0,1,0,1,1,0,0,1,0,0,0,0,1,0,0
0,1,0,0,1,0,0,0,0,1,0,1,0,0,0,1,0,0,0,0,1,1,0
0,1,0,0,1,0,0,0,0,1,0,1,1,0,1,0,0,0,0,0,1,0,0
0,1,0,0,1,0,0,0,0,1,1,0,0,0,0,0,0,0,0,1,1,1,0
0,1,0,0,1,0,0,0,0,1,0,1,0,0,0,0,0,0,0,0,1,1,0
0,1,0,0,1,1,1,1,0,1,1,0,0,0,0,0,0,0,0,0,1,1,0
0,1,0,0,1,1,0,0,0,1,1,0,0,0,0,0,0,0,0,0,1,1,0
0,1,0,0,1,0,0,0,0,1,0,1,1,0,0,0,0,0,0,0,1,0,0
0,1,0,0,1,1,0,0,0,1,0,1,0,0,0,0,0,0,0,0,1,1,0
0,1,0,0,1,0,0,0,0,1,0,1,0,0,0,0,0,0,0,0,1,1,0
0,1,0,0,1,1,1,1,0,1,1,0,0,0,0,0,0,0,0,0,1,1,0
0,1,0,0,1,1,0,0,0,1,1,0,0,0,0,0,0,0,1,1,1,1,0
1,1,0,0,1,0,0,0,0,1,0,1,0,0,0,0,0,0,0,0,1,1,0
0,1,1,0,1,0,1,1,0,1,0,1,0,0,0,0,0,0,0,0,1,1,0
0,1,0,0,1,0,0,0,0,1,0,1,1,0,0,0,0,0,0,0,1,0,0
1,1,0,0,1,0,0,0,0,1,0,1,0,0,0,0,0,0,0,0,1,1,0
1,1,1,0,1,0,0,0,0,1,0,1,0,0,0,0,0,0,0,0,1,1,0
0,1,0,0,1,0,0,0,0,1,0,1,0,0,0,0,0,0,0,0,1,1,0
1,1,0,0,1,1,0,0,0,1,0,1,0,0,0,0,0,0,0,0,1,1,0
0,1,0,0,1,0,0,0,0,1,0,1,0,0,0,0,0,0,0,0,1,1,0
1,1,0,0,1,0,0,0,0,1,0,1,0,0,0,0,0,0,0,0,1,1,0
0,1,0,0,1,0,0,0,0,1,0,1,1,0,0,1,0,0,0,0,1,0,0
1,1,1,0,1,0,0,0,0,1,0,1,0,0,0,0,0,0,0,0,1,1,0
1,1,1,0,1,0,0,0,0,1,0,1,0,0,0,0,0,0,0,0,1,1,0
0,1,0,0,1,0,0,0,0,1,0,1,1,0,0,1,0,0,0,0,1,0,0
0,1,0,0,1,0,0,0,0,1,0,1,1,0,0,1,0,0,0,0,1,0,0
0,1,0,0,1,0,0,0,0,1,0,1,0,0,0,0,0,0,0,0,1,1,0
0,1,0,0,1,0,0,0,0,1,1,0,1,0,0,0,0,0,0,1,1,0,0
0,1,0,0,1,0,0,0,0,1,0,1,0,0,1,0,0,0,0,0,1,1,0
0,1,0,0,1,0,0,0,0,1,0,1,0,0,0,0,0,0,0,0,1,1,0
0,1,1,0,1,1,0,0,0,1,1,0,0,0,0,1,0,0,0,0,1,1,0
0,1,0,0,1,0,0,0,0,1,0,1,1,0,1,0,0,0,0,0,1,0,0
0,1,1,0,1,0,1,1,0,1,0,1,0,0,0,0,0,0,0,0,1,1,0
0,1,1,0,1,0,1,1,0,1,0,1,0,0,0,0,0,0,0,0,1,1,0
0,1,0,0,1,1,0,0,0,1,1,0,0,0,0,1,0,0,0,0,1,1,0
0,1,0,0,1,0,0,0,0,1,1,0,1,1,0,0,0,0,0,0,1,1,0
0,1,0,0,1,1,0,0,0,1,0,1,0,0,0,0,0,0,0,0,1,1,0
0,1,0,0,1,0,0,0,0,1,1,0,0,0,0,0,0,0,0,0,1,1,0
0,1,0,0,1,1,0,0,0,1,1,0,0,0,0,0,0,0,0,0,1,1,0
0,1,0,0,1,0,0,0,0,1,1,0,1,1,0,1,0,0,0,0,1,1,0
1,1,1,0,1,0,1,1,0,1,0,1,0,0,0,0,0,0,0,0,1,1,0
0,1,0,0,1,0,0,0,0,1,0,1,0,0,0,1,0,0,0,0,1,1,0
0,1,0,0,1,0,0,0,0,1,1,0,0,0,0,0,0,0,0,0,1,1,0
0,1,0,0,1,1,0,0,0,1,0,1,0,0,1,0,0,0,0,0,1,1,0
1,1,0,0,1,0,0,0,0,1,1,0,0,0,0,0,0,0,0,0,1,1,0
0,1,0,0,1,0,0,0,0,1,1,0,0,0,0,0,0,0,0,0,1,1,0
0,1,0,0,1,0,0,0,0,1,1,0,0,0,0,0,0,0,0,0,1,1,0
0,1,0,1,1,0,0,0,0,1,1,0,0,0,0,0,0,0,0,0,1,1,1
1,0,0,0,1,0,1,0,0,1,0,0,1,1,0,0,0,0,1,1,1,0,0
1,0,0,0,1,0,0,0,1,0,0,0,0,0,0,0,1,0,1,1,0,0,0
1,0,0,0,1,0,0,0,0,0,0,0,0,0,0,0,0,0,1,1,0,0,0
1,1,1,0,1,0,0,0,1,1,1,0,0,0,0,0,0,0,1,1,0,0,0
0,1,0,0,1,0,0,0,0,1,0,1,0,0,0,1,0,0,0,0,1,0,0
1,1,1,0,1,0,0,0,0,1,0,1,0,0,0,1,0,0,0,0,1,0,0
0,1,0,0,1,0,0,0,0,1,0,1,1,0,0,1,0,0,0,0,1,0,0
1,1,0,0,1,0,0,0,0,1,0,1,0,0,0,0,0,0,0,0,1,0,0
1,1,0,0,1,0,0,0,0,1,0,1,0,0,0,0,0,0,0,0,1,0,0
1,1,0,0,1,0,0,0,0,1,0,1,0,0,0,1,0,0,0,0,1,0,0
1,1,0,0,1,0,0,0,0,1,0,1,0,0,0,0,0,0,0,0,1,0,0
1,1,0,0,1,0,0,0,0,1,0,1,0,0,0,0,0,0,0,0,1,0,0
1,1,0,0,1,0,0,0,0,1,0,1,0,0,0,1,0,0,0,0,1,0,0
1,1,0,0,1,0,0,0,0,1,0,1,0,0,0,1,0,0,0,0,1,0,0
1,1,0,0,1,0,0,0,0,1,0,1,0,0,0,1,0,0,0,0,1,0,0
1,1,0,0,1,0,0,0,0,1,0,1,0,0,0,0,0,0,0,0,1,0,0
1,1,0,0,1,0,0,0,0,1,0,1,0,0,1,0,0,0,0,0,1,0,0
1,1,0,0,1,0,0,0,0,1,0,1,0,0,0,1,0,0,0,0,1,0,0
1,1,0,0,1,0,0,0,0,1,0,1,0,0,0,1,0,0,0,0,1,0,0
1,1,0,0,1,0,0,0,0,1,0,1,0,0,0,1,0,0,0,0,1,0,0
1,1,0,0,1,0,0,0,0,1,0,1,0,0,1,0,0,0,0,0,1,0,0
1,1,0,0,1,0,0,0,0,1,0,1,0,0,0,0,0,0,0,0,1,0,0
1,1,0,0,1,0,0,0,0,1,0,1,0,0,0,1,0,0,0,0,1,0,0
1,1,0,0,1,0,0,0,0,1,0,1,0,0,1,1,0,0,0,0,1,0,0
1,1,0,0,1,0,0,0,0,1,0,1,0,0,0,0,0,0,0,0,1,0,0
1,1,0,0,1,0,0,0,0,1,0,1,0,0,0,0,0,0,0,0,1,0,0
1,1,0,0,1,0,0,0,0,1,0,1,0,0,0,0,0,0,0,0,1,0,0
1,1,0,0,1,0,0,0,0,1,1,0,0,0,0,1,0,0,0,0,1,1,0
0,1,0,1,1,0,0,0,0,1,1,0,0,0,0,1,0,0,0,0,1,1,0
0,1,0,1,1,0,0,0,0,1,1,0,1,0,1,1,0,0,0,0,1,0,0
0,1,0,1,1,0,0,0,0,1,0,1,0,0,0,1,0,0,0,0,1,1,0
1,1,0,0,1,0,0,0,0,1,0,1,0,0,0,1,0,0,0,0,1,1,0
0,1,0,0,1,0,0,0,0,1,0,1,0,0,0,1,0,0,0,0,1,1,0
1,1,0,0,1,0,0,0,0,1,1,0,0,0,0,1,0,0,0,0,1,1,0
0,1,0,0,1,0,0,0,0,1,0,1,0,0,1,0,0,0,0,0,1,1,0
1,1,0,0,1,0,0,0,0,1,0,1,0,0,1,0,0,0,0,0,1,1,0
1,1,0,0,1,0,0,0,0,1,0,1,0,0,0,0,0,0,0,0,1,1,0
1,1,0,1,1,0,0,0,0,1,0,1,0,0,0,0,0,0,0,0,1,1,0
1,1,0,0,1,0,0,0,0,1,0,1,0,0,0,0,0,0,0,0,1,1,0
1,1,0,0,1,0,0,0,0,1,0,1,0,0,1,0,0,0,0,0,1,1,0
1,1,0,0,1,0,0,0,0,1,0,1,1,0,1,0,0,0,0,0,1,0,0
1,1,0,0,1,0,0,0,0,1,0,1,0,0,1,0,0,0,0,0,1,1,0
1,1,0,0,1,0,0,0,0,1,0,1,0,0,0,0,0,0,0,0,1,1,0
1,1,0,0,1,0,0,0,0,1,0,1,1,0,0,1,0,0,0,0,1,0,0
1,1,0,0,1,0,0,0,0,1,0,1,0,0,0,1,0,0,0,0,1,1,0
1,1,1,0,1,0,0,0,0,1,0,1,0,0,0,0,0,0,0,0,1,1,0
1,1,0,0,1,0,0,0,0,1,0,1,0,0,0,1,0,0,0,0,1,1,0
1,1,0,0,1,0,0,0,0,1,0,1,0,0,0,1,0,0,0,0,1,1,0
1,1,0,0,1,0,0,0,0,1,0,1,0,0,0,1,0,0,0,0,1,1,0
1,1,0,0,1,0,0,0,0,1,0,1,0,0,0,1,0,0,0,0,1,1,0
1,1,0,0,1,0,0,0,0,1,0,1,0,0,0,1,0,0,0,0,1,1,0
1,1,0,0,1,0,0,0,0,1,0,1,0,0,0,1,0,0,0,0,1,1,0
1,1,0,0,1,0,0,0,0,1,0,1,0,0,0,0,0,0,0,0,1,1,0
1,1,0,0,1,0,0,0,0,1,0,1,0,0,0,1,0,0,0,0,1,1,0
1,1,0,0,1,0,0,0,0,1,0,1,0,0,0,1,0,0,0,0,1,1,0
1,1,0,0,1,0,0,0,0,1,0,1,0,0,0,0,0,0,0,0,1,1,0
1,1,0,0,1,0,0,0,0,1,0,1,0,0,1,0,0,0,0,0,1,1,0
1,1,0,0,1,0,0,0,0,1,0,1,0,0,0,1,0,0,0,0,1,1,0
1,1,0,0,1,0,0,0,0,1,0,1,0,0,1,1,0,0,0,0,1,1,0
1,1,1,0,1,0,0,0,0,1,0,1,0,0,0,0,0,0,0,0,1,1,0
1,1,1,0,1,0,0,0,0,1,0,1,0,0,0,1,0,0,0,0,1,1,0
1,1,0,0,1,0,0,0,0,1,0,1,0,0,0,0,0,0,0,0,1,1,0
1,1,0,1,1,0,0,0,0,1,0,1,0,0,0,1,0,0,0,0,1,1,0
0,1,0,0,1,0,0,0,0,1,0,1,0,0,0,0,0,0,0,0,1,1,0
0,1,0,0,1,0,0,0,0,1,0,1,0,0,0,0,0,0,0,0,1,1,0
0,1,0,0,1,0,0,0,0,1,0,1,0,0,0,0,0,0,0,0,1,1,0
0,1,0,1,1,0,0,0,0,1,0,1,0,0,0,0,0,0,0,0,1,1,1
0,1,0,1,1,0,0,0,0,1,0,1,1,0,0,0,0,0,0,0,1,0,1
0,1,0,1,1,0,0,0,0,1,0,1,0,0,0,0,0,0,0,0,1,1,1
0,1,0,0,1,1,0,0,0,1,0,1,0,0,0,0,0,0,0,0,1,1,0
1,1,0,0,1,0,1,1,0,1,0,1,1,0,0,0,0,0,0,0,1,0,0
0,1,0,1,1,0,0,0,0,1,0,1,1,0,0,0,0,0,0,0,1,0,0
0,1,0,1,1,0,0,0,0,1,0,1,0,0,0,0,0,0,0,0,1,1,0
0,1,0,0,1,0,1,1,0,1,0,1,0,0,0,0,0,0,0,0,1,1,0
0,1,0,0,1,0,0,0,0,1,0,1,0,0,1,0,0,0,0,0,1,1,0
0,1,0,0,1,0,0,0,0,1,0,1,0,0,1,0,0,0,0,0,1,1,0
0,1,1,0,1,0,0,0,0,1,0,1,0,0,0,0,0,0,0,0,1,1,0
0,1,0,0,1,0,1,1,0,1,0,1,1,0,0,0,0,0,0,0,1,0,0
0,1,0,0,1,0,1,1,0,1,0,1,1,0,0,0,0,0,0,0,1,0,0
0,1,0,0,1,0,0,0,0,1,0,1,0,0,0,1,0,0,0,0,1,1,0
0,1,0,0,1,0,1,1,0,1,0,1,1,0,0,0,0,0,0,0,1,0,0
0,1,0,0,1,0,0,0,0,1,0,1,0,0,0,0,0,0,0,0,1,1,0
0,1,0,0,1,0,0,0,0,1,0,1,1,0,0,0,0,0,0,0,1,0,0
0,1,0,0,1,0,1,0,0,1,0,1,1,0,0,0,0,0,0,0,1,0,0
0,1,0,0,1,0,0,0,0,1,0,1,1,0,0,0,0,0,0,0,1,0,0
0,1,0,0,1,0,1,1,0,1,0,1,0,0,0,0,0,0,0,0,1,1,0
1,1,0,1,1,0,0,0,0,1,0,1,0,0,0,0,0,0,0,0,1,1,0
1,1,0,1,1,0,0,0,0,1,0,1,0,0,0,0,0,0,0,0,1,1,0
0,1,0,0,1,0,1,0,0,1,0,1,0,0,0,0,0,0,0,0,1,1,0
0,1,1,0,1,0,0,0,0,1,0,1,0,0,0,0,0,0,0,0,1,1,0
1,1,0,1,1,0,0,0,0,1,0,1,0,0,0,0,0,0,0,0,1,1,1
0,1,0,1,1,0,0,0,0,1,0,1,0,0,0,0,0,0,0,0,1,1,0
0,1,0,0,1,0,0,0,0,1,0,1,0,0,0,0,0,0,0,0,1,1,0
0,1,0,0,1,0,0,0,0,1,0,1,1,0,0,0,0,0,0,0,1,0,0
0,1,0,0,1,0,0,0,0,1,0,1,1,0,0,0,0,0,0,0,1,1,0
1,1,0,0,1,0,0,0,0,1,0,1,0,0,0,0,0,0,0,0,1,1,0
1,1,0,0,1,0,0,0,0,1,0,0,0,0,0,0,0,0,0,0,1,1,0
1,1,0,0,1,0,0,0,0,1,0,1,0,0,0,0,0,0,0,0,1,1,0
1,1,0,0,1,0,0,0,0,1,0,1,0,0,0,0,0,0,0,0,1,1,0
1,1,0,0,1,0,0,0,0,1,0,1,0,0,0,0,0,0,0,0,1,1,0
0,1,0,0,1,0,0,0,0,1,0,1,0,0,0,1,0,0,0,0,1,0,0
0,1,0,0,1,0,0,0,0,1,0,1,0,0,1,0,0,0,0,0,1,0,0
1,1,0,0,1,0,0,0,0,1,0,1,0,0,0,1,0,0,0,0,1,0,0
1,1,0,0,1,0,0,0,0,1,0,0,0,0,0,1,0,0,0,0,1,0,0
1,1,0,0,1,0,0,0,0,1,0,1,0,0,0,0,0,0,0,0,1,0,0
1,1,0,0,1,0,0,0,0,1,0,1,0,0,0,0,0,0,0,0,1,0,0
0,1,1,0,0,0,0,0,0,1,0,0,1,1,0,0,0,0,1,1,1,0,0
0,1,1,0,0,0,0,0,0,1,0,0,1,1,0,0,0,0,1,1,1,0,0
0,0,0,0,0,0,0,0,0,1,0,0,1,1,1,0,0,0,1,1,1,0,0
0,1,0,0,1,0,1,0,0,1,0,0,1,1,0,0,0,0,1,1,1,0,0
0,1,0,0,0,0,1,0,0,1,0,0,1,1,0,0,0,0,1,1,1,0,0
0,0,0,0,0,0,1,1,0,1,0,0,1,1,1,0,0,0,1,1,1,0,0
0,0,0,0,0,0,1,1,0,1,0,0,1,1,0,0,0,0,1,1,1,0,0
0,0,1,1,0,0,0,0,0,1,0,0,1,1,0,0,0,0,1,1,1,0,1
0,1,1,0,0,0,0,0,0,1,0,0,1,1,1,1,0,0,1,1,1,0,0
0,1,1,0,0,0,0,0,0,1,0,0,1,1,1,1,0,0,1,1,1,0,0
0,1,1,0,0,0,0,0,0,1,0,0,1,1,1,1,0,0,1,1,1,0,0
0,0,0,1,0,0,1,0,0,1,0,0,1,1,0,0,0,0,1,1,1,0,1
0,0,0,0,0,0,1,0,0,1,0,0,1,1,0,1,0,0,1,1,1,0,0
0,0,0,0,0,0,1,0,0,1,0,0,1,1,1,1,0,0,1,1,1,0,0
0,0,0,0,0,0,1,0,0,1,0,0,1,1,1,0,0,0,1,1,1,0,0
0,1,0,0,0,0,0,0,0,1,0,0,1,1,0,0,0,0,1,1,1,0,0
0,1,0,0,0,0,1,0,0,1,0,0,1,1,0,0,0,0,1,1,1,0,0
0,1,0,0,0,0,1,0,0,1,0,0,1,1,0,0,0,0,1,1,1,0,0
0,0,0,0,0,0,1,0,0,1,0,0,1,1,0,1,0,0,1,1,1,0,0
0,0,0,0,0,0,1,0,0,1,0,0,1,1,1,0,0,0,1,1,1,0,0
1,0,0,0,0,0,1,0,0,1,0,0,1,1,1,0,0,0,1,1,1,0,0
0,1,1,1,0,0,0,0,1,0,0,0,0,0,0,1,0,1,1,1,0,0,1
0,1,1,1,0,0,0,0,1,1,0,0,1,0,0,1,0,1,1,1,1,0,1
0,1,1,1,0,0,0,0,1,0,0,0,0,0,0,1,0,1,1,1,0,1,1
0,1,1,1,0,0,1,1,1,0,0,0,0,0,0,1,0,1,1,1,0,1,1
0,1,1,1,0,1,0,0,1,0,0,0,0,0,0,1,0,1,1,1,0,0,1
0,1,1,1,0,1,0,0,1,0,0,0,0,0,0,1,0,1,1,1,0,0,1
0,1,1,1,0,0,0,0,1,0,0,0,0,0,0,1,0,1,1,1,0,0,1
0,1,1,1,0,0,0,0,1,0,0,0,0,0,0,1,0,1,1,1,0,1,1
0,1,1,1,0,0,0,0,1,0,0,0,0,0,0,1,0,1,1,1,0,1,1
0,1,1,1,0,0,1,1,1,1,0,0,1,0,0,1,0,1,1,1,1,0,1
0,1,1,1,0,0,0,0,1,0,0,0,0,0,0,1,0,1,1,1,0,0,1
0,1,1,1,0,0,0,0,1,0,0,0,0,0,0,1,1,0,1,1,0,0,1
0,1,1,1,0,0,0,0,1,0,0,0,0,0,0,1,0,1,1,1,0,0,1
0,1,1,1,0,0,0,0,1,0,0,0,0,0,0,1,0,1,1,1,0,0,1
0,1,1,1,1,0,0,0,1,0,0,0,0,0,0,1,0,1,1,1,1,0,1
1,1,1,1,0,0,0,0,1,0,0,0,0,0,0,1,0,1,1,1,0,0,1
0,1,1,1,0,0,1,1,1,0,0,0,0,0,0,1,0,1,1,1,0,0,1
0,1,1,1,0,0,1,1,1,0,0,0,0,0,0,1,0,1,1,1,0,0,1
0,1,1,1,0,0,1,1,1,0,0,0,0,0,0,1,0,1,1,1,0,0,1
0,1,1,1,0,0,1,1,1,0,0,0,0,0,0,1,0,1,1,1,0,0,1
0,1,1,1,0,0,1,1,1,0,0,0,0,0,0,1,0,1,1,1,1,0,1
0,1,1,1,0,0,1,1,1,0,0,0,0,0,0,1,0,1,1,1,0,0,1
0,1,1,1,0,0,1,1,1,0,0,0,0,0,0,1,0,1,1,1,0,0,1
0,1,1,1,0,0,1,1,1,0,0,0,0,0,0,1,0,1,1,1,0,0,1
0,1,1,1,0,0,1,1,1,0,0,0,0,0,0,1,0,1,1,1,0,0,1
0,1,1,1,0,0,1,1,1,0,0,0,0,0,0,1,0,1,1,1,1,0,1
0,1,1,1,0,0,1,1,1,0,0,0,0,0,0,1,0,1,1,1,0,0,1
0,1,1,1,0,0,1,1,1,0,0,0,0,0,0,1,0,1,1,1,0,0,1
0,1,1,1,0,0,1,1,1,0,0,0,0,0,0,1,0,1,1,1,0,0,1
0,1,1,1,0,0,1,1,1,0,0,0,0,0,0,1,0,1,1,1,0,0,1
0,1,1,1,0,0,1,1,1,0,0,0,0,0,0,1,0,1,1,1,0,0,1
0,1,1,1,0,0,1,1,1,0,0,0,0,0,0,1,0,1,1,1,0,0,1
1,1,1,1,0,0,1,1,1,0,0,0,0,0,0,1,0,1,1,1,1,0,1
0,1,1,1,0,0,1,1,1,0,0,0,0,0,0,1,0,1,1,1,1,0,1
0,1,1,1,0,0,1,1,1,0,0,0,0,0,0,1,0,1,1,1,0,1,1
0,1,1,0,0,0,1,1,1,0,0,0,0,0,1,1,0,1,1,1,0,1,0
0,1,1,1,0,0,1,1,1,0,0,0,0,0,0,0,0,1,1,1,0,1,0
0,1,1,0,0,0,1,1,1,0,0,0,0,0,0,0,0,1,1,1,0,1,0
0,1,1,1,0,0,1,1,1,1,0,0,1,0,0,1,0,1,1,1,1,0,1
0,1,1,0,0,0,1,1,1,1,0,0,1,0,1,1,0,1,1,1,1,0,0
0,1,1,1,0,0,1,1,1,1,0,0,1,0,0,0,0,1,1,1,1,0,0
1,1,1,1,0,0,1,1,1,0,0,0,0,0,0,1,0,1,1,1,0,0,1
0,1,1,1,0,0,1,1,1,0,0,0,0,0,0,1,0,1,1,1,0,0,1
1,1,1,1,1,0,1,1,1,0,0,0,0,0,0,1,0,1,1,1,0,0,1
0,1,1,1,0,0,1,1,1,0,0,0,0,0,0,1,0,1,1,1,1,0,1
1,1,1,1,0,0,1,1,1,0,0,0,0,0,0,1,0,1,1,1,1,0,1
1,1,1,1,0,0,1,1,1,0,0,0,0,0,0,1,0,1,1,1,0,0,1
0,1,1,1,0,0,1,1,1,1,0,0,0,1,0,1,0,1,1,1,1,0,1
0,1,1,1,0,0,1,1,1,1,0,0,0,1,0,1,0,1,1,1,1,0,1
0,1,1,1,0,0,1,1,1,0,0,0,0,0,0,1,0,1,1,1,1,0,1
0,1,1,1,0,0,1,1,1,0,0,0,0,0,0,1,0,1,1,1,0,0,1
1,1,1,1,0,0,1,1,1,0,0,0,0,0,0,1,0,1,1,1,0,0,1
1,1,1,1,0,0,1,1,1,0,0,0,0,0,0,1,0,1,1,1,0,0,1
1,1,1,1,0,0,1,1,1,0,0,0,0,0,0,1,0,1,1,1,0,0,1
1,1,1,1,0,1,1,1,1,0,0,0,0,0,0,1,0,1,1,1,0,0,1
0,1,1,1,0,1,1,1,1,0,0,0,0,0,0,1,0,1,1,1,0,0,1
0,1,1,1,0,0,1,1,1,0,0,0,0,0,0,1,1,1,1,1,0,0,1
1,1,1,1,0,0,1,1,1,0,0,0,0,0,0,0,0,1,1,1,0,0,1
1,1,1,1,0,0,1,1,1,0,0,0,0,0,0,0,0,1,1,1,0,0,1
1,1,1,0,0,0,1,1,1,0,0,0,0,0,1,0,0,1,1,1,0,0,0
1,1,1,1,0,1,1,1,1,0,0,0,0,0,0,1,0,1,1,1,0,0,1
0,1,1,1,0,1,1,1,1,0,0,0,0,0,0,1,0,1,1,1,0,0,1
1,1,1,0,0,0,1,1,1,0,0,0,0,0,1,0,0,1,1,1,0,0,0
1,1,1,1,0,0,1,1,1,0,0,0,0,0,0,0,0,1,1,1,0,0,1
1,1,1,0,0,0,1,1,1,1,0,0,1,1,0,1,0,1,1,1,1,0,0
1,1,1,0,0,1,1,1,1,1,0,0,1,1,0,0,0,1,1,1,1,0,0
1,1,1,0,0,1,1,1,1,0,0,0,0,0,0,1,0,1,1,1,0,0,0
0,1,1,1,0,0,1,1,1,0,0,0,0,0,0,1,1,1,1,1,0,0,1
1,1,1,1,0,0,1,1,1,0,0,0,0,0,0,1,0,1,1,1,0,0,1
0,1,1,1,0,1,1,1,1,0,0,0,0,0,0,0,0,1,1,1,0,0,1
1,1,1,1,0,1,1,1,1,0,0,0,0,0,0,0,0,1,1,1,0,0,1
1,1,1,1,0,1,1,1,1,0,0,0,0,0,0,0,0,1,1,1,0,0,1
0,1,1,1,0,1,1,1,1,0,0,0,0,0,0,0,0,1,1,1,0,0,1
1,1,1,1,0,0,1,1,1,0,0,0,0,0,0,0,0,1,1,1,0,0,1
0,1,1,0,0,1,1,1,1,0,0,0,0,0,0,1,0,1,1,1,0,1,0
1,1,1,0,0,0,1,1,1,0,0,0,0,0,0,1,0,1,1,1,0,1,0
1,1,1,0,0,0,1,1,1,1,0,0,1,0,0,1,0,1,1,1,1,0,0
0,1,1,1,0,0,1,1,1,0,0,0,0,0,0,0,0,1,1,1,0,1,1
0,1,1,1,0,0,1,1,1,0,0,0,0,0,0,0,0,1,1,1,0,0,1
0,1,1,1,0,0,1,1,1,1,0,0,1,0,0,0,0,1,1,1,1,0,1
0,1,1,0,0,0,1,1,1,0,0,0,0,0,0,0,0,1,1,1,0,1,0
0,1,1,0,0,0,1,1,1,0,0,0,0,0,0,0,0,1,1,1,0,1,0
0,1,1,0,0,0,1,1,1,0,0,0,0,0,0,0,0,1,1,1,0,1,0
0,1,1,0,0,0,1,1,1,0,0,0,0,0,0,0,0,1,1,1,0,1,0
0,1,1,0,0,0,1,1,1,1,0,0,1,0,0,0,0,1,1,1,1,0,0
0,1,1,1,0,0,1,0,1,0,0,0,0,0,0,1,0,1,1,1,0,1,1
0,1,1,1,0,0,0,0,1,1,0,0,1,0,0,1,0,1,1,1,1,0,1
1,1,1,1,0,0,0,0,1,0,0,0,0,0,0,1,0,1,1,1,0,0,1
0,1,1,1,0,0,0,0,1,1,0,0,1,0,0,1,0,1,1,1,1,0,1
0,1,1,1,0,0,0,0,1,0,0,0,0,0,0,1,0,1,1,1,0,1,1
0,1,1,1,0,0,0,0,1,0,0,0,0,0,0,1,0,1,1,1,0,1,1
0,1,1,1,0,0,1,0,1,1,0,0,1,0,0,1,0,1,1,1,1,0,1
0,1,1,1,0,0,1,1,1,0,0,0,0,0,1,0,0,1,1,1,0,0,1
0,1,1,1,0,0,1,0,1,0,0,0,0,0,0,1,0,1,1,1,0,1,1
0,1,1,1,0,0,0,0,1,0,0,0,0,0,0,1,0,1,1,1,0,1,1
0,1,1,1,0,0,0,0,1,0,0,0,0,0,1,1,0,1,1,1,0,0,1
0,1,1,1,0,0,0,0,1,0,0,0,0,0,1,1,0,1,1,1,0,0,1
0,1,1,1,0,0,0,0,1,1,0,0,1,0,0,1,0,1,1,1,1,0,1
1,1,1,1,0,0,1,0,1,0,0,0,0,0,0,1,0,1,1,1,0,0,1
1,1,1,1,0,0,1,0,1,0,0,0,0,0,0,1,0,1,1,1,0,0,1
0,1,1,1,0,0,0,0,1,1,0,0,1,0,0,1,0,1,1,1,1,0,1
0,1,1,1,0,0,0,0,1,1,0,0,1,0,0,1,0,1,1,1,1,0,1
0,1,1,1,0,0,0,0,1,0,0,0,0,0,0,1,0,1,1,1,0,1,1
0,1,1,1,0,0,1,1,1,1,0,0,1,0,0,1,0,1,1,1,1,0,1
1,1,1,1,0,0,1,0,1,0,0,0,0,0,0,1,0,1,1,1,0,0,1
0,1,1,1,0,0,1,0,1,0,0,0,0,0,0,1,0,1,1,1,0,1,1
0,1,1,1,0,0,0,0,1,1,0,0,1,0,0,1,0,1,1,1,1,0,1
1,1,1,0,0,0,1,1,1,0,0,0,0,0,0,1,1,1,1,1,0,0,0
1,1,1,0,0,0,1,1,1,0,0,0,0,0,0,1,1,1,1,1,0,0,0
0,1,1,1,0,0,1,1,1,0,0,0,0,0,0,0,0,1,1,1,0,0,1
0,1,1,1,0,0,0,0,1,0,0,0,0,0,0,0,0,1,1,1,0,1,1
0,1,1,1,0,0,1,0,1,0,0,0,0,0,0,0,0,1,1,1,0,0,1
1,1,1,1,0,0,0,0,1,0,0,0,0,0,0,0,0,1,1,1,0,0,1
0,1,1,1,0,0,0,0,1,0,0,0,0,0,1,0,0,1,1,1,0,0,1
0,1,1,1,0,0,0,0,1,0,0,0,0,0,1,0,0,1,1,1,0,0,1
1,1,1,1,0,1,1,0,1,0,0,0,0,0,0,1,0,1,1,1,0,0,1
1,1,1,1,0,1,1,0,1,0,0,0,0,0,0,1,0,1,1,1,0,0,1
1,1,1,1,0,1,1,0,1,0,0,0,0,0,0,1,0,1,1,1,0,0,1
1,1,1,0,0,1,1,1,1,0,0,0,0,0,0,1,0,1,1,1,0,0,0
1,1,1,0,0,1,1,1,1,0,0,0,0,0,0,1,0,1,1,1,0,0,0
1,1,1,0,0,0,1,1,1,0,0,0,0,0,1,0,0,1,1,1,0,0,0
0,1,1,1,0,0,0,0,1,0,0,0,0,0,0,1,0,1,1,1,1,0,1
1,1,1,0,0,1,1,0,1,0,0,0,0,0,0,1,0,1,1,1,0,0,0
1,1,1,1,0,1,1,0,1,0,0,0,0,0,0,1,0,1,1,1,0,0,1
1,1,1,0,0,1,1,0,1,0,0,0,0,0,0,1,0,1,1,1,0,0,0
1,1,1,0,1,0,1,1,1,0,0,0,0,0,0,1,0,1,1,1,0,0,0
1,1,1,0,1,0,1,1,1,0,0,0,0,0,0,1,0,1,1,1,0,0,0
1,1,1,0,1,0,1,1,1,0,0,0,0,0,0,1,0,1,1,1,0,0,0
1,1,1,0,1,0,1,1,1,0,0,0,0,0,0,1,0,1,1,1,0,0,0
1,1,1,1,0,0,1,1,1,0,0,0,0,0,0,1,0,1,1,1,0,0,0
1,1,1,1,0,0,1,1,1,0,0,0,0,0,0,1,0,1,1,1,0,0,0
1,1,1,0,1,0,1,1,1,0,0,0,0,0,0,1,0,1,1,1,0,0,0
1,1,1,0,1,0,1,1,1,0,0,0,0,0,0,1,0,1,1,1,0,0,0
0,1,1,0,0,0,1,1,1,0,0,0,0,0,1,1,0,1,1,1,0,1,0
0,1,1,0,0,0,1,1,1,0,0,0,0,0,0,1,0,1,1,1,0,1,0
0,1,1,0,0,0,1,1,1,0,0,0,0,0,0,0,1,1,1,1,0,1,0
1,1,1,1,0,0,1,1,1,0,0,0,0,0,0,1,0,1,1,1,0,0,1
0,1,1,1,0,0,1,1,1,0,0,0,0,0,1,1,0,1,1,1,0,0,1
0,1,1,1,0,0,1,1,1,0,0,0,0,0,1,0,0,1,1,1,0,0,1
0,1,1,1,0,0,1,1,1,0,0,0,0,0,0,1,0,1,1,1,0,0,1
1,1,1,1,0,0,1,1,1,0,0,0,0,0,0,1,0,1,1,1,1,0,1
1,1,1,1,0,0,1,1,1,0,0,0,0,0,0,1,0,1,1,1,1,0,1
0,1,1,1,0,0,1,1,1,0,0,0,0,0,0,1,0,1,1,1,0,0,1
1,1,1,1,0,0,1,1,1,0,0,0,0,0,0,1,0,1,1,1,0,0,1
0,1,1,1,0,0,1,1,1,0,0,0,0,0,1,1,0,1,1,1,0,0,1
0,1,1,1,0,0,1,1,1,0,0,0,0,0,1,1,0,1,1,1,0,0,1
0,1,1,1,0,0,1,1,1,0,0,0,0,0,0,1,0,1,1,1,1,0,1
0,1,1,1,0,0,1,1,1,0,0,0,0,0,0,1,0,1,1,1,0,0,1
0,1,1,1,0,0,1,1,1,1,0,0,0,1,0,1,0,1,1,1,1,0,1
0,1,1,1,0,0,1,1,1,1,0,0,0,1,0,1,0,1,1,1,1,0,1
0,1,1,1,0,0,1,1,1,1,0,0,0,1,0,1,0,1,1,1,1,0,1
0,1,1,1,0,0,1,1,1,1,0,0,0,1,0,1,0,1,1,1,1,0,1
0,1,1,1,0,0,1,1,1,0,0,0,0,0,0,1,0,1,1,1,0,0,1
1,1,1,1,0,0,1,1,1,0,0,0,0,0,0,1,0,1,1,1,0,0,1
1,1,1,1,0,0,1,1,1,0,0,0,0,0,0,1,0,1,1,1,0,0,1
0,1,1,0,0,0,1,1,1,0,0,0,0,0,1,1,0,1,1,1,0,0,0
0,1,1,0,0,0,1,1,1,0,0,0,0,0,1,1,0,1,1,1,0,0,0
0,1,1,0,0,0,1,1,1,0,0,0,0,0,1,1,0,1,1,1,0,0,0
1,1,1,1,0,0,1,1,1,0,0,0,0,0,0,1,0,1,1,1,0,0,1
1,1,1,1,0,0,1,1,1,0,0,0,0,0,0,1,0,1,1,1,0,0,1
1,1,1,1,0,0,1,1,1,0,0,0,0,0,0,1,0,1,1,1,0,0,1
1,1,1,1,0,0,1,1,1,0,0,0,0,0,0,1,0,1,1,1,0,0,1
1,1,1,1,0,0,1,1,1,0,0,0,0,0,0,1,0,1,1,1,0,0,1
1,1,1,0,0,0,1,1,1,0,0,0,0,0,1,1,0,1,1,1,0,0,0
0,1,1,1,0,0,1,1,1,0,0,0,0,0,0,1,0,1,1,1,0,0,1
0,1,1,1,0,0,1,1,1,0,0,0,0,0,0,1,0,1,1,1,0,0,1
0,1,1,0,0,0,1,1,1,0,0,0,0,0,1,1,0,1,1,1,0,0,0
0,1,1,1,0,0,1,1,1,0,0,0,0,0,0,0,0,1,1,1,0,0,1
0,1,1,0,0,0,1,1,1,0,0,0,0,0,1,1,0,1,1,1,0,0,0
0,1,1,0,0,0,1,1,1,0,0,0,0,0,1,1,0,1,1,1,0,0,0
0,1,1,1,0,0,1,1,1,0,0,0,0,0,0,0,0,1,1,1,0,0,1
0,1,1,0,0,0,1,1,1,0,0,0,0,0,1,1,0,1,1,1,0,0,0
0,1,1,1,0,0,1,1,1,0,0,0,0,0,0,0,0,1,1,1,1,0,1
1,1,1,1,0,0,1,1,1,0,0,0,0,0,0,0,0,1,1,1,0,0,1
1,1,1,1,0,0,1,1,1,0,0,0,0,0,0,0,0,1,1,1,0,0,1
1,1,1,0,0,0,1,1,1,0,0,0,0,0,1,0,0,1,1,1,0,0,0
1,1,1,0,0,0,1,1,1,0,0,0,0,0,1,0,0,1,1,1,0,0,0
1,1,1,1,0,0,1,1,1,0,0,0,0,0,0,1,0,1,1,1,0,0,1
1,1,1,1,0,0,1,1,1,0,0,0,0,0,0,1,0,1,1,1,0,0,1
1,1,1,1,0,0,1,1,1,0,0,0,0,0,0,0,0,1,1,1,0,0,1
1,1,1,0,0,0,1,1,1,0,0,0,0,0,1,0,0,1,1,1,0,0,0
0,1,1,1,0,0,1,1,1,0,0,0,0,0,0,1,0,1,1,1,0,0,1
1,1,1,0,0,0,1,1,1,0,0,0,0,0,1,1,0,1,1,1,0,0,0
0,1,1,1,0,0,1,1,1,0,0,0,0,0,0,1,0,1,1,1,1,0,1
0,1,1,1,0,0,1,1,1,0,0,0,0,0,0,1,0,1,1,1,0,0,1
1,1,1,1,0,0,1,1,1,1,1,0,0,0,0,1,0,1,1,1,0,0,1
1,1,1,0,0,1,1,1,1,0,0,0,0,0,1,1,0,1,1,1,0,0,0
1,1,1,0,0,1,1,1,1,0,0,0,0,0,1,1,0,1,1,1,0,0,0
1,1,1,1,0,1,1,1,1,0,0,0,0,0,0,1,0,1,1,1,0,0,1
1,1,1,1,0,1,1,1,1,0,0,0,0,0,0,1,0,1,1,1,0,0,1
1,1,1,0,0,1,1,1,1,0,0,0,0,0,0,1,0,1,1,1,0,0,0
1,1,1,0,0,1,1,1,1,0,0,0,0,0,0,1,0,1,1,1,0,0,0
1,1,1,0,0,1,1,1,1,0,0,0,0,0,0,1,0,1,1,1,0,0,0
1,1,1,0,0,1,1,1,1,0,0,0,0,0,0,1,0,1,1,1,0,0,0
1,1,1,0,0,1,1,1,1,0,0,0,0,0,0,1,0,1,1,1,0,0,0
1,1,1,0,0,1,1,1,1,0,0,0,0,0,0,1,0,1,1,1,0,0,0
1,1,1,0,0,1,1,1,1,0,0,0,0,0,0,1,0,1,1,1,0,0,0
0,1,1,1,0,0,1,1,1,0,0,0,0,0,0,1,0,1,1,1,0,1,1
0,1,1,0,0,0,1,1,1,0,0,0,0,0,0,1,0,1,1,1,0,1,0
0,1,1,0,0,0,1,1,1,0,0,0,0,0,1,1,0,1,1,1,0,1,0
0,1,1,0,0,0,1,1,1,0,0,0,0,0,0,1,0,1,1,1,0,1,0
0,1,1,0,0,0,1,1,1,0,0,0,0,0,0,1,0,1,1,1,0,1,0
0,1,1,1,0,0,1,1,1,0,0,0,0,0,0,0,0,1,1,1,0,1,1
0,1,1,0,0,0,1,1,1,0,0,0,0,0,1,0,0,1,1,1,0,1,0
0,1,1,1,0,0,1,1,1,0,0,0,0,0,0,1,0,1,1,1,0,1,1
0,1,1,0,0,0,1,1,1,0,0,0,0,0,0,1,0,1,1,1,0,1,0
0,1,1,1,0,0,1,1,1,0,0,0,0,0,0,1,0,1,1,1,0,1,0
0,1,1,0,0,0,1,1,1,0,0,0,0,1,0,0,0,1,1,1,1,1,0
1,1,1,1,0,0,1,1,1,0,0,0,0,0,0,0,0,1,1,1,0,1,1
1,1,1,0,0,0,1,1,1,0,0,0,0,0,0,0,0,1,1,1,0,1,0
1,1,1,0,0,0,1,1,1,0,0,0,0,0,0,0,0,1,1,1,0,1,0
0,1,1,0,0,0,1,1,1,0,0,0,0,0,0,0,0,1,1,1,0,1,0
0,1,1,0,0,1,1,1,1,0,0,0,0,0,0,1,0,1,1,1,0,1,0
1,1,1,0,0,0,1,1,1,0,0,0,0,0,1,0,0,1,1,1,0,1,0
0,1,1,0,0,1,1,1,1,0,0,0,0,0,1,0,0,1,1,1,0,1,0
1,1,1,0,0,0,1,1,1,0,0,0,0,0,0,1,0,1,1,1,0,1,0
1,1,1,0,0,0,1,1,1,0,0,0,0,0,0,1,0,1,1,1,0,1,0
1,1,1,0,0,0,1,1,1,0,0,0,0,0,0,1,0,1,1,1,0,1,0
1,1,1,0,0,0,1,1,1,0,0,0,0,0,0,1,0,1,1,1,0,1,0
0,1,1,0,0,0,1,1,1,1,0,0,1,0,0,1,0,1,1,1,1,0,0
0,1,1,0,0,0,1,1,1,1,0,0,1,0,0,1,0,1,1,1,1,0,0
0,1,1,0,0,0,1,1,1,1,0,0,1,0,1,1,0,1,1,1,1,0,0
0,1,1,1,0,0,1,1,1,1,0,0,1,0,0,1,0,1,1,1,1,0,1
1,1,1,0,0,0,1,1,1,1,0,0,1,0,0,0,0,1,1,1,1,0,0
0,1,1,0,0,0,1,1,1,1,0,0,1,0,0,1,0,1,1,1,1,0,0
0,1,1,0,0,0,1,1,1,1,0,0,1,0,0,1,0,1,1,1,1,0,0
0,1,1,1,0,0,1,1,1,1,0,0,1,0,0,0,0,1,1,1,1,0,1
0,1,1,0,0,0,1,1,1,1,0,0,1,0,1,0,0,1,1,1,1,0,0
0,1,1,1,0,0,1,1,1,1,0,0,1,0,0,1,0,1,1,1,1,0,1
0,1,1,1,0,0,1,1,1,1,0,0,1,0,0,1,0,1,1,1,1,0,0
1,1,1,1,0,0,1,1,1,1,0,0,1,0,0,0,0,1,1,1,1,0,1
1,1,1,0,0,0,1,1,1,1,0,0,1,0,0,0,0,1,1,1,1,0,0
0,1,1,0,0,0,1,1,1,1,0,0,1,0,0,0,0,1,1,1,1,0,0
1,1,1,0,0,0,1,1,1,1,0,0,1,0,0,0,0,1,1,1,1,0,0
1,1,1,0,0,0,1,1,1,1,0,0,1,0,1,0,0,1,1,1,1,0,0
0,1,1,0,0,1,1,1,1,1,0,0,1,0,1,0,0,1,1,1,1,0,0
1,1,1,0,0,0,1,1,1,1,0,0,1,0,0,1,0,1,1,1,1,0,0
1,1,1,0,0,0,1,1,1,1,0,0,1,0,0,1,0,1,1,1,1,0,0
1,1,1,0,0,0,1,1,1,1,0,0,1,0,0,1,0,1,1,1,1,0,0
1,1,1,0,0,0,1,1,1,1,0,0,1,0,0,1,0,1,1,1,1,0,0
0,1,1,0,0,0,1,1,1,0,0,0,0,0,0,1,0,1,1,1,0,1,0
0,1,1,0,0,0,1,1,1,0,0,0,0,0,0,0,0,1,1,1,1,1,0
0,1,1,0,0,0,1,1,1,1,0,0,1,0,0,0,0,1,1,1,1,0,0
0,1,1,1,0,0,0,0,1,0,0,0,0,0,0,1,0,1,1,1,0,1,1
0,1,1,1,0,0,0,0,1,1,0,0,1,0,0,1,0,1,1,1,1,0,1
1,1,1,1,0,0,1,1,1,0,0,0,0,0,0,1,0,1,1,1,0,1,1
1,1,1,1,0,0,1,1,1,1,0,0,1,0,0,1,0,1,1,1,1,0,1
0,1,1,1,0,0,1,1,1,0,0,0,0,0,0,1,0,1,1,1,0,1,1
0,1,1,1,1,0,1,1,1,0,0,0,0,0,0,1,0,1,1,1,0,1,1
0,1,1,1,1,0,0,0,1,0,0,0,0,0,0,1,0,1,1,1,0,1,1
0,1,1,1,1,0,1,1,1,1,0,0,1,0,0,1,0,1,1,1,1,0,1
0,1,1,1,1,0,0,0,1,1,0,0,1,0,0,1,0,1,1,1,1,0,1
1,1,1,1,0,0,0,0,1,0,0,0,0,0,0,1,0,1,1,1,0,1,1
1,1,1,1,0,0,0,0,1,1,0,0,1,0,0,1,0,1,1,1,1,0,1
1,1,1,1,1,0,0,0,1,1,0,0,1,0,0,1,0,1,1,1,1,0,1
1,1,1,1,0,0,0,0,1,0,0,0,0,0,0,1,0,1,1,1,0,1,1
1,1,1,1,0,0,0,0,1,1,0,0,1,0,0,1,0,1,1,1,1,0,1
1,1,1,1,0,0,0,0,1,0,0,0,0,0,0,1,0,1,1,1,0,1,1
0,1,1,1,0,0,1,0,1,1,0,0,1,0,0,1,0,1,1,1,1,0,1
1,1,1,1,0,0,0,0,1,1,0,0,1,0,0,1,0,1,1,1,1,0,1
1,1,1,0,0,0,1,0,1,0,0,0,0,0,0,1,0,1,1,1,0,1,0
1,1,1,0,0,0,1,1,1,0,0,0,0,0,0,1,0,1,1,1,0,1,0
1,1,1,0,0,0,1,0,1,0,0,0,0,0,0,1,0,1,1,1,0,1,0
1,1,1,1,0,0,0,0,1,0,0,0,0,0,0,1,0,1,1,1,0,1,1
1,1,1,0,0,0,1,0,1,1,0,0,1,0,0,1,0,1,1,1,1,0,0
1,1,1,0,0,0,1,1,1,1,0,0,1,0,0,1,0,1,1,1,1,0,0
1,1,1,0,0,0,1,0,1,1,0,0,1,0,0,1,0,1,1,1,1,0,0
0,1,1,1,0,0,0,0,1,1,0,0,1,0,0,1,0,1,1,1,1,0,1
1,1,1,1,0,0,0,0,1,1,0,0,1,0,0,1,0,1,1,1,1,0,1
1,1,1,0,0,0,1,0,1,0,0,0,0,0,0,1,0,1,1,1,0,1,0
1,1,1,0,0,0,1,0,1,0,0,0,0,0,0,1,0,1,1,1,0,1,0
1,1,1,0,0,0,1,0,1,1,0,0,1,0,0,1,0,1,1,1,1,0,0
1,1,1,0,0,0,1,0,1,1,0,0,1,0,0,1,0,1,1,1,1,0,0
1,1,1,0,0,0,0,0,1,1,0,0,1,0,0,1,0,1,1,1,1,0,0
0,1,1,1,0,0,0,0,1,1,0,0,1,0,0,1,0,1,1,1,1,0,1
1,1,1,0,0,0,1,0,1,1,0,0,1,0,0,1,0,1,1,1,1,0,0
1,1,1,1,0,1,1,0,1,0,0,0,0,0,0,1,0,1,1,1,0,0,1
1,1,1,0,0,0,0,0,1,0,0,0,0,0,0,1,0,1,1,1,0,0,0
0,1,1,1,0,0,1,0,0,1,1,0,0,1,0,0,0,1,1,1,1,0,0
0,1,1,0,0,0,1,0,0,1,1,0,0,1,0,0,0,1,1,1,1,0,0
1,1,1,0,1,0,1,0,0,1,1,0,0,1,0,0,0,1,1,1,1,0,0
0,1,1,1,0,0,1,0,0,1,1,0,0,1,0,0,0,1,1,1,1,0,0
0,1,1,0,1,0,1,0,0,1,1,0,0,1,0,0,0,1,1,1,1,0,0
0,1,1,1,0,0,1,0,0,1,1,0,0,1,0,0,0,1,1,1,1,0,1
0,1,1,1,0,0,1,0,0,1,1,0,0,1,0,0,0,1,1,1,1,0,0
0,1,1,0,0,0,1,0,0,1,1,0,0,1,0,0,0,1,1,1,1,0,0
0,1,1,0,1,0,1,0,0,1,1,0,0,1,0,0,0,1,1,1,1,0,0
0,1,1,0,0,0,1,0,0,1,1,0,0,1,0,0,0,1,1,1,1,0,0
1,1,1,0,1,0,1,0,0,1,1,0,0,1,0,0,0,1,1,1,1,0,0
0,1,1,1,0,0,1,1,0,1,1,0,0,1,0,0,0,1,1,1,1,0,1
0,1,1,0,1,0,1,0,0,1,1,0,0,1,0,0,0,1,1,1,1,0,0
0,1,1,0,0,0,1,0,0,1,1,0,0,1,0,0,0,1,1,1,1,0,0
0,1,1,0,0,0,1,0,0,1,1,0,0,1,0,0,0,1,1,1,1,0,0
0,1,1,0,1,0,1,1,0,1,1,0,0,1,0,0,0,1,1,1,1,0,0
0,1,1,0,1,0,1,0,0,1,1,0,0,1,0,0,0,1,1,1,1,0,0
0,1,1,0,1,0,1,0,0,1,1,0,0,1,0,0,0,1,1,1,1,0,0
1,1,1,1,1,0,1,0,0,1,1,0,0,1,0,0,0,1,1,1,1,0,1
1,1,1,1,0,0,1,0,0,1,1,0,0,1,0,0,0,1,1,1,1,0,1
1,1,1,1,1,0,1,0,0,1,1,0,0,1,0,0,0,1,1,1,1,0,1
1,1,1,1,0,0,1,0,0,1,1,0,0,1,0,0,0,1,1,1,1,0,1
1,1,1,1,0,0,1,0,0,1,1,0,0,1,0,0,0,1,1,1,1,0,1
1,1,1,1,1,0,1,0,0,1,1,0,0,1,0,0,0,1,1,1,1,0,1
1,1,1,1,0,0,1,0,0,1,1,0,0,1,0,0,0,1,1,1,1,0,1
1,1,1,1,1,0,1,0,0,1,1,0,0,1,0,0,0,1,1,1,1,0,1
1,1,1,1,0,0,1,0,0,1,1,0,0,1,0,0,0,1,1,1,1,0,1
1,1,1,1,0,0,1,0,0,1,1,0,0,1,0,0,0,1,1,1,1,0,1
1,1,1,1,0,0,1,1,0,1,1,0,0,1,0,0,0,1,1,1,1,0,1
1,1,1,1,0,0,1,0,0,1,1,0,0,1,0,0,0,1,1,1,1,0,1
1,1,1,1,1,0,1,0,0,1,1,0,0,1,0,0,0,1,1,1,1,0,1
1,1,1,1,1,0,1,0,0,1,1,0,0,1,0,0,0,1,1,1,1,0,1
1,1,1,1,0,0,1,1,0,1,1,0,0,1,0,0,0,1,1,1,1,0,1
1,1,1,1,0,0,1,1,0,1,1,0,0,1,0,0,0,1,1,1,1,0,1
1,1,1,1,0,0,1,0,0,1,1,0,0,1,0,0,0,1,1,1,1,0,1
1,1,1,1,0,0,1,0,0,1,1,0,0,1,0,0,0,1,1,1,1,0,1
1,1,1,1,1,0,1,1,0,1,1,0,0,1,0,0,0,1,1,1,1,0,1
1,1,1,1,0,0,1,1,0,1,1,0,0,1,0,0,0,1,1,1,1,0,1
1,1,1,1,0,0,1,1,0,1,1,0,0,1,0,0,0,1,1,1,1,0,1
1,1,1,1,1,0,1,0,0,1,1,0,0,1,0,0,0,1,1,1,1,0,1
1,1,1,1,1,0,1,0,0,1,1,0,0,1,0,0,0,1,1,1,1,0,1
1,1,0,0,0,0,0,0,0,0,0,0,0,0,0,0,0,1,1,1,0,0,0
0,1,0,0,0,1,0,0,0,0,0,0,0,0,0,0,0,1,1,1,0,0,0
1,1,0,0,0,1,0,0,0,0,0,0,0,0,0,0,0,1,1,1,0,0,0
1,1,0,0,0,0,0,0,0,1,0,0,1,0,0,0,0,1,1,1,1,0,0
0,1,0,0,0,0,0,0,0,1,0,0,1,0,0,0,0,1,1,1,1,0,0
0,1,0,0,0,1,0,0,0,1,0,0,1,0,0,0,0,1,1,1,1,0,0
0,1,0,0,0,1,0,0,0,1,0,0,1,0,0,0,0,1,1,1,1,0,0
1,0,0,0,0,1,0,0,0,0,0,0,0,0,0,0,0,0,1,1,1,0,0
0,0,0,0,0,0,0,0,0,1,1,0,1,1,0,0,0,0,0,0,1,0,0
1,0,0,0,0,1,0,0,0,1,1,0,1,1,0,0,0,0,0,0,1,0,0
0,0,0,0,0,1,0,0,0,0,0,0,0,0,0,0,0,0,1,1,1,0,0
0,0,0,0,0,0,0,0,1,0,0,0,0,0,0,0,0,0,1,1,1,0,0
0,0,0,1,0,0,1,0,1,0,0,0,1,1,0,0,0,0,1,1,1,0,1
0,0,0,0,0,1,1,1,0,1,0,0,1,1,0,1,0,1,1,1,1,0,0
0,0,0,0,0,1,0,0,0,1,1,0,1,1,0,0,0,0,1,1,1,0,0
1,0,0,1,1,0,0,0,0,1,0,0,0,0,0,0,0,0,1,1,0,0,1
0,0,0,0,0,0,0,0,0,0,0,0,0,0,1,0,1,0,1,1,0,0,0
0,0,0,0,0,0,0,0,1,0,0,0,0,0,1,0,1,0,1,1,1,0,0
1,0,0,0,0,0,0,0,0,0,0,0,0,0,1,0,1,0,1,1,0,1,0
1,1,1,1,0,0,1,1,0,1,0,0,0,0,0,1,0,1,1,1,0,0,1
1,1,1,1,0,0,1,1,0,1,0,0,0,0,0,0,0,1,1,1,0,0,1
1,1,1,1,0,0,1,1,0,1,0,0,0,0,0,0,0,1,1,1,0,0,1
1,1,1,0,0,0,0,0,0,1,0,0,1,1,0,0,0,0,1,1,1,0,0
1,1,0,0,0,0,0,0,0,1,0,0,1,1,0,0,0,0,1,1,1,0,0
1,1,1,0,0,0,0,0,0,1,0,0,1,1,0,0,0,0,1,1,1,0,0
1,1,0,0,0,0,0,0,0,1,0,0,1,1,0,0,0,0,1,1,1,0,0
1,1,0,0,0,0,0,0,0,1,0,0,1,1,0,0,0,0,1,1,1,0,0
1,1,0,0,1,1,0,0,1,0,0,0,0,0,0,1,0,0,1,1,1,0,0
1,1,0,0,1,1,0,0,1,0,0,0,0,0,0,1,0,0,1,1,1,0,0
0,1,0,0,0,1,0,0,0,1,1,0,0,0,0,1,0,0,1,1,0,0,0
0,1,0,0,0,1,0,0,0,1,1,0,0,0,0,0,0,0,1,1,0,0,0
0,1,0,0,0,1,0,0,0,1,1,0,0,0,0,0,0,0,1,1,1,0,0
1,1,1,0,0,0,0,0,0,1,0,1,0,0,0,0,0,1,1,1,0,0,0
1,1,1,0,0,0,1,1,0,0,0,0,0,0,0,0,0,1,1,1,0,0,0
0,1,1,0,0,0,1,1,0,0,0,0,0,0,0,0,0,1,1,1,0,0,0
0,1,1,0,0,0,1,1,0,0,0,0,0,0,0,0,0,1,1,1,0,0,0
1,0,0,0,0,0,0,0,0,1,0,1,0,0,0,0,0,1,1,1,0,0,0
0,0,0,0,0,0,1,1,0,0,0,0,0,0,0,0,0,1,1,1,0,0,0
0,0,0,0,0,0,1,0,0,0,0,0,0,0,0,0,0,1,1,1,0,0,0
0,0,0,0,0,0,0,0,0,0,0,0,0,0,0,0,0,1,1,1,0,0,0
0,0,0,0,0,1,0,0,0,0,0,0,0,0,0,0,0,1,1,1,0,0,0
0,0,0,0,0,0,0,0,0,0,0,0,0,0,0,0,0,1,1,1,0,0,0
1,1,0,0,0,0,1,0,0,1,0,1,0,0,0,0,1,0,1,1,0,0,0
0,1,0,0,0,1,0,0,0,1,0,1,0,0,0,0,1,0,1,1,0,0,0
0,1,0,0,0,0,0,0,0,1,0,1,0,0,0,0,1,0,1,1,0,0,0
0,1,0,0,0,0,0,0,0,1,0,1,0,0,0,0,1,0,1,1,0,0,0
0,1,0,0,0,0,0,0,0,1,0,1,0,0,0,0,1,0,1,1,0,0,0
0,1,0,0,0,1,0,0,0,1,0,1,0,0,0,0,1,0,1,1,0,0,0
1,1,0,0,0,0,0,0,0,0,0,0,0,0,0,0,1,1,1,1,0,0,0
1,0,0,0,0,0,0,0,0,0,0,0,0,0,0,0,1,1,1,1,0,0,0
0,1,0,0,0,0,0,0,0,1,0,1,0,0,1,0,1,0,1,1,0,0,0
0,1,0,0,0,0,0,0,0,1,0,1,0,0,0,0,1,0,1,1,0,0,0
0,1,0,0,0,0,1,0,0,1,0,1,0,0,1,0,1,0,1,1,0,0,0
1,1,0,0,0,0,1,1,0,0,0,0,0,0,0,1,0,1,1,1,0,0,0
0,1,1,0,0,0,0,0,0,1,1,0,0,1,1,1,0,1,1,1,1,0,0
0,1,1,1,0,0,0,0,0,1,1,0,0,1,1,0,0,1,1,1,1,0,1
0,1,1,0,0,0,0,0,0,1,1,0,1,1,0,1,0,1,1,1,1,0,0
0,1,1,0,0,0,0,0,0,1,1,0,0,1,1,1,0,1,1,1,1,0,0
0,1,1,1,0,0,0,0,0,1,1,0,0,1,1,0,0,1,1,1,1,0,1
1,1,0,0,0,0,0,0,0,0,0,0,0,1,0,0,0,0,1,1,1,0,0
1,1,0,0,0,0,0,0,0,0,0,0,0,0,1,0,0,0,1,1,1,0,0
1,1,0,0,0,1,0,0,0,0,0,0,0,1,0,0,0,0,1,1,1,0,0
1,1,0,0,0,0,0,0,0,0,0,0,0,1,0,0,0,0,1,1,1,0,0
1,1,0,0,0,0,0,0,0,0,0,0,0,1,1,0,0,0,1,1,1,0,0
1,1,0,0,0,0,0,0,0,0,0,0,0,1,0,1,0,0,1,1,1,0,0
1,1,0,0,0,0,0,0,0,0,0,0,0,1,0,1,0,0,1,1,1,0,0
0,1,0,0,0,1,0,0,0,1,1,0,1,1,0,1,0,0,1,1,1,0,0
0,1,1,0,0,0,0,0,0,1,1,0,0,1,1,1,0,1,1,1,1,0,0
1,1,1,0,0,0,1,0,0,1,1,0,0,1,1,1,0,1,1,1,1,0,0
1,1,1,0,0,0,0,0,0,1,1,0,0,1,1,1,0,1,1,1,1,0,0
0,1,1,0,0,0,1,0,0,1,1,0,0,1,1,1,0,1,1,1,1,0,0
0,1,1,0,0,0,1,0,0,1,1,0,0,1,1,1,0,1,1,1,1,0,0
0,1,1,0,0,0,0,0,0,1,1,0,0,1,1,1,0,1,1,1,1,0,0
0,1,1,0,0,0,0,0,0,1,1,0,0,1,1,1,0,1,1,1,1,0,0
0,1,1,0,0,0,1,1,0,1,1,0,0,1,1,0,0,1,1,1,1,0,0
0,1,1,0,1,0,1,1,0,1,1,0,0,1,1,0,0,1,1,1,1,0,0
0,1,1,0,0,0,1,1,0,1,1,0,0,1,1,0,0,1,1,1,1,0,0
0,1,1,0,0,0,1,1,0,1,1,0,0,1,1,0,0,1,1,1,1,0,0
0,1,1,0,0,0,1,1,0,1,1,0,0,1,1,0,0,1,1,1,1,0,0
0,1,1,0,1,0,0,0,0,1,1,0,0,1,1,0,0,1,1,1,1,0,0
0,1,1,0,0,0,0,0,0,1,1,0,1,1,0,1,0,1,1,1,1,0,0
0,1,1,0,0,0,0,0,0,1,1,0,1,1,1,1,0,1,1,1,1,0,0
0,1,1,0,0,0,0,0,0,1,1,0,1,1,0,1,0,1,1,1,1,0,0
0,1,1,0,0,0,0,0,0,1,1,0,0,1,1,1,0,1,1,1,1,0,0
0,1,1,0,0,0,0,0,0,1,1,0,0,1,1,1,0,1,1,1,1,0,0
0,1,1,1,0,0,0,0,0,1,1,0,0,1,1,0,0,1,1,1,1,0,1
0,1,1,0,0,0,0,0,0,1,1,0,0,1,1,1,0,1,1,1,1,0,0
0,1,1,0,0,0,0,0,0,1,1,0,0,1,1,0,1,0,1,1,1,0,0
0,1,1,1,0,0,0,0,0,1,1,0,0,1,1,0,0,1,1,1,1,0,1
0,1,1,0,0,0,0,0,0,1,1,0,0,1,1,1,0,1,1,1,1,0,0
0,1,1,0,0,0,0,0,0,1,1,0,0,1,1,1,0,1,1,1,1,0,0
0,1,1,1,0,0,0,0,0,1,1,0,0,1,1,0,0,1,1,1,1,0,1
0,1,1,1,0,0,0,0,0,1,1,0,0,1,1,0,0,1,1,1,1,0,1
0,0,1,1,0,0,0,0,0,1,1,0,0,1,1,0,0,1,1,1,1,0,1
0,1,1,0,0,0,0,0,0,1,1,0,0,1,1,1,0,1,1,1,1,0,0
0,1,1,1,0,0,0,0,0,1,1,0,0,1,1,0,0,1,1,1,1,0,1
0,1,1,0,0,0,0,0,0,1,1,0,0,1,0,0,0,1,1,1,1,0,0
0,1,1,0,1,1,0,0,0,1,0,1,0,1,0,0,0,0,1,1,1,0,0
0,1,0,0,0,0,0,0,1,0,0,0,0,0,0,0,0,1,1,1,0,0,0
1,1,0,0,0,0,0,0,1,1,1,0,0,0,0,0,0,1,1,1,0,0,0
0,1,0,0,0,0,0,0,1,0,0,0,0,0,0,0,0,1,1,1,0,0,0
0,1,0,0,0,0,0,0,1,0,0,0,0,0,0,0,0,1,1,1,0,0,0
1,0,0,0,0,0,0,0,1,0,0,0,0,0,0,0,0,1,1,1,0,0,0
1,0,0,0,0,0,0,0,1,0,0,0,0,0,0,0,0,1,1,1,0,0,0
1,0,0,0,0,0,0,0,1,0,0,0,0,0,0,0,0,1,1,1,0,0,0
1,0,0,0,0,0,0,0,1,0,0,0,0,0,0,0,0,1,1,1,0,0,0
0,0,0,0,0,0,0,0,1,0,0,0,0,0,0,0,0,1,1,1,0,0,0
0,0,0,0,0,0,0,0,1,0,0,0,0,0,0,0,0,1,1,1,0,0,0
1,1,0,0,0,0,0,0,1,1,1,0,0,0,0,0,0,1,1,1,0,0,0
0,1,0,0,0,0,0,0,1,1,0,0,0,0,0,0,0,1,1,1,0,0,0
0,1,0,0,0,0,0,0,1,1,0,0,0,0,0,0,0,1,1,1,0,0,0
0,1,0,1,0,1,1,1,0,1,1,0,0,1,0,0,0,1,1,1,1,0,1
0,0,0,1,0,0,0,0,0,1,1,0,0,1,0,0,0,1,1,1,1,0,1
0,1,0,0,0,0,0,0,0,1,1,0,0,1,0,0,0,1,1,1,1,0,0
1,1,0,1,0,0,0,0,0,1,1,0,0,1,1,0,0,1,1,1,1,0,0
1,0,0,0,1,0,1,1,1,1,0,1,1,1,0,0,0,0,1,1,1,0,0
1,1,0,0,1,0,1,1,1,1,0,1,1,1,0,1,0,0,1,1,1,0,0
0,1,1,0,0,0,0,0,0,1,1,0,1,1,0,1,0,1,1,1,1,0,0
0,1,1,0,0,0,0,0,0,1,1,0,1,1,1,1,0,1,1,1,1,0,0
0,1,1,0,0,0,0,0,0,1,1,0,1,1,0,1,0,1,1,1,1,0,0
0,1,1,0,0,0,0,0,0,1,1,0,1,1,1,1,0,1,1,1,1,0,0
0,1,1,0,0,0,0,0,0,1,1,0,1,1,0,1,0,1,1,1,1,0,0
0,1,1,0,0,0,0,0,0,1,1,0,1,1,1,1,0,1,1,1,1,0,0
0,1,1,0,0,0,0,0,0,1,1,0,1,1,0,1,0,1,1,1,1,0,0
0,1,1,0,0,0,0,0,0,1,1,0,1,1,1,1,0,1,1,1,1,0,0
0,1,1,0,0,0,0,0,0,1,1,0,1,1,1,1,0,1,1,1,1,0,0
0,1,1,0,0,0,0,0,0,1,1,0,1,1,0,1,0,1,1,1,1,0,0
0,1,1,0,0,0,0,0,0,1,1,0,1,1,0,1,0,1,1,1,1,0,0
0,1,1,0,0,0,0,0,0,1,1,0,1,1,1,1,0,1,1,1,1,0,0
0,1,1,0,0,0,0,0,0,1,1,0,1,1,0,1,0,1,1,1,1,0,0
0,1,1,0,0,0,0,0,0,1,1,0,1,1,1,1,0,1,1,1,1,0,0
0,1,1,0,0,0,0,0,0,1,1,0,1,1,0,1,0,1,1,1,1,0,0
0,1,1,0,0,0,0,0,0,1,1,0,1,1,0,1,1,0,1,1,1,0,0
1,1,1,0,0,0,0,0,0,1,1,0,1,1,0,1,0,1,1,1,1,0,0
0,0,0,0,0,0,0,0,0,1,0,0,0,1,0,0,0,0,1,1,1,0,0
0,0,0,0,0,0,0,0,0,1,0,0,1,1,0,1,0,0,1,1,1,0,0
0,0,0,0,0,0,0,0,0,1,0,0,1,1,0,1,0,0,1,1,1,0,0
0,1,0,0,0,0,1,1,0,1,0,0,1,1,0,1,0,0,1,1,1,0,0
0,1,0,0,0,0,1,1,0,1,0,0,1,1,1,0,0,0,1,1,1,0,0
0,1,0,1,0,0,1,1,0,1,0,0,1,1,0,0,0,0,1,1,1,0,1
0,1,0,0,0,0,1,1,0,1,0,0,1,1,0,1,0,0,1,1,1,0,0
0,1,0,1,0,0,1,1,0,1,0,0,1,1,0,0,0,0,1,1,1,0,1
0,1,0,0,0,0,1,1,0,1,0,0,1,1,0,1,0,0,1,1,1,0,0
0,1,0,0,0,0,1,1,0,1,0,0,1,1,1,1,0,0,1,1,1,0,0
0,1,0,1,0,0,1,1,0,1,0,0,1,1,0,1,0,0,1,1,1,0,1
0,1,0,1,0,0,1,1,0,1,0,0,1,1,1,0,0,0,1,1,1,0,1
1,0,0,0,0,0,0,0,0,1,0,0,1,1,0,1,0,0,1,1,1,0,0
0,0,0,1,0,0,0,0,0,1,0,0,1,1,0,1,0,0,1,1,1,0,1
1,1,1,0,0,0,0,0,0,1,1,0,0,0,0,0,1,0,1,1,0,0,0
0,1,0,0,0,0,0,0,0,1,1,0,0,0,0,0,1,0,1,1,0,0,0
0,1,1,0,0,1,0,0,0,1,0,0,0,1,0,0,0,1,1,1,1,0,0
0,1,0,0,0,0,0,0,0,1,0,0,0,1,0,0,0,1,1,1,1,0,0
0,1,0,0,0,1,1,1,0,1,1,0,0,0,0,0,0,0,0,0,1,0,0
